path,kind,name,group,prompt
"src/sprites/items/twig.png","item","Twig","Woodworks (Sunny Meadow)","Twig — a warm honey-brown wood forked twig. Step 1 of 7 in the ""Woodworks"" merge chain, so it must read as the smallest, plainest thing in its chain — tiny, humble, no decoration. It has to be recognisable at 60px on a tile next to 6 relatives, so keep the silhouette simple and distinct. cartoon mobile merge-game asset, Travel Town / Merge Mansion style, 3/4 view from slightly above as if sitting on a table, thick dark warm-brown outline, soft baked lighting from the upper left, glossy highlight on the top surface, saturated friendly palette, subtle contact shadow under the object, centred, filling about 80% of the frame, transparent background, no text, no border, clean vector-painted finish, 512x512"
"src/sprites/items/branch.png","item","Branch","Woodworks (Sunny Meadow)","Branch — a dark rough bark curling vine, with fresh green leaf accents. Step 2 of 7 in the ""Woodworks"" merge chain, so it must read as a step up: a little bigger, a little tidier. It has to be recognisable at 60px on a tile next to 6 relatives, so keep the silhouette simple and distinct. cartoon mobile merge-game asset, Travel Town / Merge Mansion style, 3/4 view from slightly above as if sitting on a table, thick dark warm-brown outline, soft baked lighting from the upper left, glossy highlight on the top surface, saturated friendly palette, subtle contact shadow under the object, centred, filling about 80% of the frame, transparent background, no text, no border, clean vector-painted finish, 512x512"
"src/sprites/items/log.png","item","Log","Woodworks (Sunny Meadow)","Log — a warm honey-brown wood cut log. Step 3 of 7 in the ""Woodworks"" merge chain, so it must read as clearly made, not found: neat shape, one small metal or painted detail. It has to be recognisable at 60px on a tile next to 6 relatives, so keep the silhouette simple and distinct. cartoon mobile merge-game asset, Travel Town / Merge Mansion style, 3/4 view from slightly above as if sitting on a table, thick dark warm-brown outline, soft baked lighting from the upper left, glossy highlight on the top surface, saturated friendly palette, subtle contact shadow under the object, centred, filling about 80% of the frame, transparent background, no text, no border, clean vector-painted finish, 512x512"
"src/sprites/items/lumber.png","item","Lumber Pile","Woodworks (Sunny Meadow)","Lumber Pile — a warm honey-brown wood stack of planks, with pale golden straw accents. Step 4 of 7 in the ""Woodworks"" merge chain, so it must read as handsome: richer colour, a trim or a band, a faint sheen. It has to be recognisable at 60px on a tile next to 6 relatives, so keep the silhouette simple and distinct. cartoon mobile merge-game asset, Travel Town / Merge Mansion style, 3/4 view from slightly above as if sitting on a table, thick dark warm-brown outline, soft baked lighting from the upper left, glossy highlight on the top surface, saturated friendly palette, subtle contact shadow under the object, centred, filling about 80% of the frame, transparent background, no text, no border, clean vector-painted finish, 512x512"
"src/sprites/items/cart.png","item","Timber Crate","Woodworks (Sunny Meadow)","Timber Crate — a warm honey-brown wood wooden crate, with dull iron accents. Step 5 of 7 in the ""Woodworks"" merge chain, so it must read as precious: fine detailing, gold or gem accents, a soft glow around it. It has to be recognisable at 60px on a tile next to 6 relatives, so keep the silhouette simple and distinct. cartoon mobile merge-game asset, Travel Town / Merge Mansion style, 3/4 view from slightly above as if sitting on a table, thick dark warm-brown outline, soft baked lighting from the upper left, glossy highlight on the top surface, saturated friendly palette, subtle contact shadow under the object, centred, filling about 80% of the frame, transparent background, no text, no border, clean vector-painted finish, 512x512"
"src/sprites/items/workshop.png","item","Toolchest","Woodworks (Sunny Meadow)","Toolchest — a dark rough bark treasure chest, with rich gold accents. Step 6 of 7 in the ""Woodworks"" merge chain, so it must read as a showpiece: ornate, glowing, floating motes of light. It has to be recognisable at 60px on a tile next to 6 relatives, so keep the silhouette simple and distinct. cartoon mobile merge-game asset, Travel Town / Merge Mansion style, 3/4 view from slightly above as if sitting on a table, thick dark warm-brown outline, soft baked lighting from the upper left, glossy highlight on the top surface, saturated friendly palette, subtle contact shadow under the object, centred, filling about 80% of the frame, transparent background, no text, no border, clean vector-painted finish, 512x512"
"src/sprites/items/treehouse.png","item","Great Oak","Woodworks (Sunny Meadow)","Great Oak — a dark rough bark round-crowned tree, with fresh green leaf accents. Step 7 of 7 in the ""Woodworks"" merge chain, so it must read as the crown of the chain: a small monument of a thing, radiant, unmistakably the best. It has to be recognisable at 60px on a tile next to 6 relatives, so keep the silhouette simple and distinct. cartoon mobile merge-game asset, Travel Town / Merge Mansion style, 3/4 view from slightly above as if sitting on a table, thick dark warm-brown outline, soft baked lighting from the upper left, glossy highlight on the top surface, saturated friendly palette, subtle contact shadow under the object, centred, filling about 80% of the frame, transparent background, no text, no border, clean vector-painted finish, 512x512"
"src/sprites/items/pebble.png","item","Pebble","Rock Quarry (Sunny Meadow)","Pebble — a cool grey stone smooth pebble. Step 1 of 7 in the ""Rock Quarry"" merge chain, so it must read as the smallest, plainest thing in its chain — tiny, humble, no decoration. It has to be recognisable at 60px on a tile next to 6 relatives, so keep the silhouette simple and distinct. cartoon mobile merge-game asset, Travel Town / Merge Mansion style, 3/4 view from slightly above as if sitting on a table, thick dark warm-brown outline, soft baked lighting from the upper left, glossy highlight on the top surface, saturated friendly palette, subtle contact shadow under the object, centred, filling about 80% of the frame, transparent background, no text, no border, clean vector-painted finish, 512x512"
"src/sprites/items/rock.png","item","Rock","Rock Quarry (Sunny Meadow)","Rock — a cool grey stone chunky rock. Step 2 of 7 in the ""Rock Quarry"" merge chain, so it must read as a step up: a little bigger, a little tidier. It has to be recognisable at 60px on a tile next to 6 relatives, so keep the silhouette simple and distinct. cartoon mobile merge-game asset, Travel Town / Merge Mansion style, 3/4 view from slightly above as if sitting on a table, thick dark warm-brown outline, soft baked lighting from the upper left, glossy highlight on the top surface, saturated friendly palette, subtle contact shadow under the object, centred, filling about 80% of the frame, transparent background, no text, no border, clean vector-painted finish, 512x512"
"src/sprites/items/geode.png","item","Geode","Rock Quarry (Sunny Meadow)","Geode — a blue-grey slate cracked geode, with violet amethyst accents. Step 3 of 7 in the ""Rock Quarry"" merge chain, so it must read as clearly made, not found: neat shape, one small metal or painted detail. It has to be recognisable at 60px on a tile next to 6 relatives, so keep the silhouette simple and distinct. cartoon mobile merge-game asset, Travel Town / Merge Mansion style, 3/4 view from slightly above as if sitting on a table, thick dark warm-brown outline, soft baked lighting from the upper left, glossy highlight on the top surface, saturated friendly palette, subtle contact shadow under the object, centred, filling about 80% of the frame, transparent background, no text, no border, clean vector-painted finish, 512x512"
"src/sprites/items/gem.png","item","Gemstone","Rock Quarry (Sunny Meadow)","Gemstone — a violet amethyst cut gemstone. Step 4 of 7 in the ""Rock Quarry"" merge chain, so it must read as handsome: richer colour, a trim or a band, a faint sheen. It has to be recognisable at 60px on a tile next to 6 relatives, so keep the silhouette simple and distinct. cartoon mobile merge-game asset, Travel Town / Merge Mansion style, 3/4 view from slightly above as if sitting on a table, thick dark warm-brown outline, soft baked lighting from the upper left, glossy highlight on the top surface, saturated friendly palette, subtle contact shadow under the object, centred, filling about 80% of the frame, transparent background, no text, no border, clean vector-painted finish, 512x512"
"src/sprites/items/statue.png","item","Stone Idol","Rock Quarry (Sunny Meadow)","Stone Idol — a cool grey stone carved totem, with bright moss green accents. Step 5 of 7 in the ""Rock Quarry"" merge chain, so it must read as precious: fine detailing, gold or gem accents, a soft glow around it. It has to be recognisable at 60px on a tile next to 6 relatives, so keep the silhouette simple and distinct. cartoon mobile merge-game asset, Travel Town / Merge Mansion style, 3/4 view from slightly above as if sitting on a table, thick dark warm-brown outline, soft baked lighting from the upper left, glossy highlight on the top surface, saturated friendly palette, subtle contact shadow under the object, centred, filling about 80% of the frame, transparent background, no text, no border, clean vector-painted finish, 512x512"
"src/sprites/items/obelisk.png","item","Obelisk","Rock Quarry (Sunny Meadow)","Obelisk — a blue-grey slate glass prism, with pale lilac moonstone accents. Step 6 of 7 in the ""Rock Quarry"" merge chain, so it must read as a showpiece: ornate, glowing, floating motes of light. It has to be recognisable at 60px on a tile next to 6 relatives, so keep the silhouette simple and distinct. cartoon mobile merge-game asset, Travel Town / Merge Mansion style, 3/4 view from slightly above as if sitting on a table, thick dark warm-brown outline, soft baked lighting from the upper left, glossy highlight on the top surface, saturated friendly palette, subtle contact shadow under the object, centred, filling about 80% of the frame, transparent background, no text, no border, clean vector-painted finish, 512x512"
"src/sprites/items/monument.png","item","Monument","Rock Quarry (Sunny Meadow)","Monument — a cool grey stone stone arch, with rich gold accents. Step 7 of 7 in the ""Rock Quarry"" merge chain, so it must read as the crown of the chain: a small monument of a thing, radiant, unmistakably the best. It has to be recognisable at 60px on a tile next to 6 relatives, so keep the silhouette simple and distinct. cartoon mobile merge-game asset, Travel Town / Merge Mansion style, 3/4 view from slightly above as if sitting on a table, thick dark warm-brown outline, soft baked lighting from the upper left, glossy highlight on the top surface, saturated friendly palette, subtle contact shadow under the object, centred, filling about 80% of the frame, transparent background, no text, no border, clean vector-painted finish, 512x512"
"src/sprites/items/berry.png","item","Berry","Berry Kitchen (Sunny Meadow)","Berry — a crimson berry red single berry. Step 1 of 6 in the ""Berry Kitchen"" merge chain, so it must read as the smallest, plainest thing in its chain — tiny, humble, no decoration. It has to be recognisable at 60px on a tile next to 5 relatives, so keep the silhouette simple and distinct. cartoon mobile merge-game asset, Travel Town / Merge Mansion style, 3/4 view from slightly above as if sitting on a table, thick dark warm-brown outline, soft baked lighting from the upper left, glossy highlight on the top surface, saturated friendly palette, subtle contact shadow under the object, centred, filling about 80% of the frame, transparent background, no text, no border, clean vector-painted finish, 512x512"
"src/sprites/items/berries.png","item","Berry Bunch","Berry Kitchen (Sunny Meadow)","Berry Bunch — a crimson berry red cluster of berries, with fresh green leaf accents. Step 2 of 6 in the ""Berry Kitchen"" merge chain, so it must read as a step up: a little bigger, a little tidier. It has to be recognisable at 60px on a tile next to 5 relatives, so keep the silhouette simple and distinct. cartoon mobile merge-game asset, Travel Town / Merge Mansion style, 3/4 view from slightly above as if sitting on a table, thick dark warm-brown outline, soft baked lighting from the upper left, glossy highlight on the top surface, saturated friendly palette, subtle contact shadow under the object, centred, filling about 80% of the frame, transparent background, no text, no border, clean vector-painted finish, 512x512"
"src/sprites/items/jam.png","item","Jar of Jam","Berry Kitchen (Sunny Meadow)","Jar of Jam — a pale blue glass lidded jar, with crimson berry red accents. Step 3 of 6 in the ""Berry Kitchen"" merge chain, so it must read as clearly made, not found: neat shape, one small metal or painted detail. It has to be recognisable at 60px on a tile next to 5 relatives, so keep the silhouette simple and distinct. cartoon mobile merge-game asset, Travel Town / Merge Mansion style, 3/4 view from slightly above as if sitting on a table, thick dark warm-brown outline, soft baked lighting from the upper left, glossy highlight on the top surface, saturated friendly palette, subtle contact shadow under the object, centred, filling about 80% of the frame, transparent background, no text, no border, clean vector-painted finish, 512x512"
"src/sprites/items/pie.png","item","Berry Pie","Berry Kitchen (Sunny Meadow)","Berry Pie — a raw dough beige pie in a dish, with crimson berry red accents. Step 4 of 6 in the ""Berry Kitchen"" merge chain, so it must read as handsome: richer colour, a trim or a band, a faint sheen. It has to be recognisable at 60px on a tile next to 5 relatives, so keep the silhouette simple and distinct. cartoon mobile merge-game asset, Travel Town / Merge Mansion style, 3/4 view from slightly above as if sitting on a table, thick dark warm-brown outline, soft baked lighting from the upper left, glossy highlight on the top surface, saturated friendly palette, subtle contact shadow under the object, centred, filling about 80% of the frame, transparent background, no text, no border, clean vector-painted finish, 512x512"
"src/sprites/items/cake.png","item","Berry Cake","Berry Kitchen (Sunny Meadow)","Berry Cake — a pale cream tiered cake, with crimson berry red accents. Step 5 of 6 in the ""Berry Kitchen"" merge chain, so it must read as precious: fine detailing, gold or gem accents, a soft glow around it. It has to be recognisable at 60px on a tile next to 5 relatives, so keep the silhouette simple and distinct. cartoon mobile merge-game asset, Travel Town / Merge Mansion style, 3/4 view from slightly above as if sitting on a table, thick dark warm-brown outline, soft baked lighting from the upper left, glossy highlight on the top surface, saturated friendly palette, subtle contact shadow under the object, centred, filling about 80% of the frame, transparent background, no text, no border, clean vector-painted finish, 512x512"
"src/sprites/items/feast.png","item","Harvest Feast","Berry Kitchen (Sunny Meadow)","Harvest Feast — a pale golden straw woven basket, with bright cherry red accents. Step 6 of 6 in the ""Berry Kitchen"" merge chain, so it must read as a showpiece: ornate, glowing, floating motes of light. It has to be recognisable at 60px on a tile next to 5 relatives, so keep the silhouette simple and distinct. cartoon mobile merge-game asset, Travel Town / Merge Mansion style, 3/4 view from slightly above as if sitting on a table, thick dark warm-brown outline, soft baked lighting from the upper left, glossy highlight on the top surface, saturated friendly palette, subtle contact shadow under the object, centred, filling about 80% of the frame, transparent background, no text, no border, clean vector-painted finish, 512x512"
"src/sprites/items/dew.png","item","Dewdrop","Waterworks (Sunny Meadow)","Dewdrop — a clear blue water water droplet. Step 1 of 6 in the ""Waterworks"" merge chain, so it must read as the smallest, plainest thing in its chain — tiny, humble, no decoration. It has to be recognisable at 60px on a tile next to 5 relatives, so keep the silhouette simple and distinct. cartoon mobile merge-game asset, Travel Town / Merge Mansion style, 3/4 view from slightly above as if sitting on a table, thick dark warm-brown outline, soft baked lighting from the upper left, glossy highlight on the top surface, saturated friendly palette, subtle contact shadow under the object, centred, filling about 80% of the frame, transparent background, no text, no border, clean vector-painted finish, 512x512"
"src/sprites/items/puddle.png","item","Puddle","Waterworks (Sunny Meadow)","Puddle — a clear blue water soap bubble. Step 2 of 6 in the ""Waterworks"" merge chain, so it must read as a step up: a little bigger, a little tidier. It has to be recognisable at 60px on a tile next to 5 relatives, so keep the silhouette simple and distinct. cartoon mobile merge-game asset, Travel Town / Merge Mansion style, 3/4 view from slightly above as if sitting on a table, thick dark warm-brown outline, soft baked lighting from the upper left, glossy highlight on the top surface, saturated friendly palette, subtle contact shadow under the object, centred, filling about 80% of the frame, transparent background, no text, no border, clean vector-painted finish, 512x512"
"src/sprites/items/jug.png","item","Water Jug","Waterworks (Sunny Meadow)","Water Jug — a pale blue glass lidded jar, with clear blue water accents. Step 3 of 6 in the ""Waterworks"" merge chain, so it must read as clearly made, not found: neat shape, one small metal or painted detail. It has to be recognisable at 60px on a tile next to 5 relatives, so keep the silhouette simple and distinct. cartoon mobile merge-game asset, Travel Town / Merge Mansion style, 3/4 view from slightly above as if sitting on a table, thick dark warm-brown outline, soft baked lighting from the upper left, glossy highlight on the top surface, saturated friendly palette, subtle contact shadow under the object, centred, filling about 80% of the frame, transparent background, no text, no border, clean vector-painted finish, 512x512"
"src/sprites/items/barrel.png","item","Rain Barrel","Waterworks (Sunny Meadow)","Rain Barrel — a warm honey-brown wood wooden barrel, with clear blue water accents. Step 4 of 6 in the ""Waterworks"" merge chain, so it must read as handsome: richer colour, a trim or a band, a faint sheen. It has to be recognisable at 60px on a tile next to 5 relatives, so keep the silhouette simple and distinct. cartoon mobile merge-game asset, Travel Town / Merge Mansion style, 3/4 view from slightly above as if sitting on a table, thick dark warm-brown outline, soft baked lighting from the upper left, glossy highlight on the top surface, saturated friendly palette, subtle contact shadow under the object, centred, filling about 80% of the frame, transparent background, no text, no border, clean vector-painted finish, 512x512"
"src/sprites/items/fountain.png","item","Fountain","Waterworks (Sunny Meadow)","Fountain — a cool grey stone clay pot, with clear blue water accents. Step 5 of 6 in the ""Waterworks"" merge chain, so it must read as precious: fine detailing, gold or gem accents, a soft glow around it. It has to be recognisable at 60px on a tile next to 5 relatives, so keep the silhouette simple and distinct. cartoon mobile merge-game asset, Travel Town / Merge Mansion style, 3/4 view from slightly above as if sitting on a table, thick dark warm-brown outline, soft baked lighting from the upper left, glossy highlight on the top surface, saturated friendly palette, subtle contact shadow under the object, centred, filling about 80% of the frame, transparent background, no text, no border, clean vector-painted finish, 512x512"
"src/sprites/items/aqueduct.png","item","Aqueduct","Waterworks (Sunny Meadow)","Aqueduct — a cool grey stone stone arch, with clear blue water accents. Step 6 of 6 in the ""Waterworks"" merge chain, so it must read as a showpiece: ornate, glowing, floating motes of light. It has to be recognisable at 60px on a tile next to 5 relatives, so keep the silhouette simple and distinct. cartoon mobile merge-game asset, Travel Town / Merge Mansion style, 3/4 view from slightly above as if sitting on a table, thick dark warm-brown outline, soft baked lighting from the upper left, glossy highlight on the top surface, saturated friendly palette, subtle contact shadow under the object, centred, filling about 80% of the frame, transparent background, no text, no border, clean vector-painted finish, 512x512"
"src/sprites/items/grass.png","item","Grass Tuft","Hay Meadow (Sunny Meadow)","Grass Tuft — a yellow-green grass fern frond. Step 1 of 6 in the ""Hay Meadow"" merge chain, so it must read as the smallest, plainest thing in its chain — tiny, humble, no decoration. It has to be recognisable at 60px on a tile next to 5 relatives, so keep the silhouette simple and distinct. cartoon mobile merge-game asset, Travel Town / Merge Mansion style, 3/4 view from slightly above as if sitting on a table, thick dark warm-brown outline, soft baked lighting from the upper left, glossy highlight on the top surface, saturated friendly palette, subtle contact shadow under the object, centred, filling about 80% of the frame, transparent background, no text, no border, clean vector-painted finish, 512x512"
"src/sprites/items/hay.png","item","Hay Bundle","Hay Meadow (Sunny Meadow)","Hay Bundle — a pale golden straw bundle of grain. Step 2 of 6 in the ""Hay Meadow"" merge chain, so it must read as a step up: a little bigger, a little tidier. It has to be recognisable at 60px on a tile next to 5 relatives, so keep the silhouette simple and distinct. cartoon mobile merge-game asset, Travel Town / Merge Mansion style, 3/4 view from slightly above as if sitting on a table, thick dark warm-brown outline, soft baked lighting from the upper left, glossy highlight on the top surface, saturated friendly palette, subtle contact shadow under the object, centred, filling about 80% of the frame, transparent background, no text, no border, clean vector-painted finish, 512x512"
"src/sprites/items/bale.png","item","Hay Bale","Hay Meadow (Sunny Meadow)","Hay Bale — a pale golden straw wooden barrel, with tan rope accents. Step 3 of 6 in the ""Hay Meadow"" merge chain, so it must read as clearly made, not found: neat shape, one small metal or painted detail. It has to be recognisable at 60px on a tile next to 5 relatives, so keep the silhouette simple and distinct. cartoon mobile merge-game asset, Travel Town / Merge Mansion style, 3/4 view from slightly above as if sitting on a table, thick dark warm-brown outline, soft baked lighting from the upper left, glossy highlight on the top surface, saturated friendly palette, subtle contact shadow under the object, centred, filling about 80% of the frame, transparent background, no text, no border, clean vector-painted finish, 512x512"
"src/sprites/items/hat.png","item","Straw Hat","Hay Meadow (Sunny Meadow)","Straw Hat — a pale golden straw woven basket, with warm red cloth accents. Step 4 of 6 in the ""Hay Meadow"" merge chain, so it must read as handsome: richer colour, a trim or a band, a faint sheen. It has to be recognisable at 60px on a tile next to 5 relatives, so keep the silhouette simple and distinct. cartoon mobile merge-game asset, Travel Town / Merge Mansion style, 3/4 view from slightly above as if sitting on a table, thick dark warm-brown outline, soft baked lighting from the upper left, glossy highlight on the top surface, saturated friendly palette, subtle contact shadow under the object, centred, filling about 80% of the frame, transparent background, no text, no border, clean vector-painted finish, 512x512"
"src/sprites/items/scarecrow.png","item","Scarecrow","Hay Meadow (Sunny Meadow)","Scarecrow — a warm red cloth carved totem, with pale golden straw accents. Step 5 of 6 in the ""Hay Meadow"" merge chain, so it must read as precious: fine detailing, gold or gem accents, a soft glow around it. It has to be recognisable at 60px on a tile next to 5 relatives, so keep the silhouette simple and distinct. cartoon mobile merge-game asset, Travel Town / Merge Mansion style, 3/4 view from slightly above as if sitting on a table, thick dark warm-brown outline, soft baked lighting from the upper left, glossy highlight on the top surface, saturated friendly palette, subtle contact shadow under the object, centred, filling about 80% of the frame, transparent background, no text, no border, clean vector-painted finish, 512x512"
"src/sprites/items/harvest.png","item","Golden Harvest","Hay Meadow (Sunny Meadow)","Golden Harvest — a pale golden straw wooden crate, with rich gold accents. Step 6 of 6 in the ""Hay Meadow"" merge chain, so it must read as a showpiece: ornate, glowing, floating motes of light. It has to be recognisable at 60px on a tile next to 5 relatives, so keep the silhouette simple and distinct. cartoon mobile merge-game asset, Travel Town / Merge Mansion style, 3/4 view from slightly above as if sitting on a table, thick dark warm-brown outline, soft baked lighting from the upper left, glossy highlight on the top surface, saturated friendly palette, subtle contact shadow under the object, centred, filling about 80% of the frame, transparent background, no text, no border, clean vector-painted finish, 512x512"
"src/sprites/items/bulbseed.png","item","Flower Seed","Flower Beds (Sunny Meadow)","Flower Seed — a bright moss green plump seed. Step 1 of 6 in the ""Flower Beds"" merge chain, so it must read as the smallest, plainest thing in its chain — tiny, humble, no decoration. It has to be recognisable at 60px on a tile next to 5 relatives, so keep the silhouette simple and distinct. cartoon mobile merge-game asset, Travel Town / Merge Mansion style, 3/4 view from slightly above as if sitting on a table, thick dark warm-brown outline, soft baked lighting from the upper left, glossy highlight on the top surface, saturated friendly palette, subtle contact shadow under the object, centred, filling about 80% of the frame, transparent background, no text, no border, clean vector-painted finish, 512x512"
"src/sprites/items/sprig.png","item","Green Sprig","Flower Beds (Sunny Meadow)","Green Sprig — a fresh green leaf seedling with two leaves. Step 2 of 6 in the ""Flower Beds"" merge chain, so it must read as a step up: a little bigger, a little tidier. It has to be recognisable at 60px on a tile next to 5 relatives, so keep the silhouette simple and distinct. cartoon mobile merge-game asset, Travel Town / Merge Mansion style, 3/4 view from slightly above as if sitting on a table, thick dark warm-brown outline, soft baked lighting from the upper left, glossy highlight on the top surface, saturated friendly palette, subtle contact shadow under the object, centred, filling about 80% of the frame, transparent background, no text, no border, clean vector-painted finish, 512x512"
"src/sprites/items/bloombud.png","item","Bud","Flower Beds (Sunny Meadow)","Bud — a rose pink flower bud. Step 3 of 6 in the ""Flower Beds"" merge chain, so it must read as clearly made, not found: neat shape, one small metal or painted detail. It has to be recognisable at 60px on a tile next to 5 relatives, so keep the silhouette simple and distinct. cartoon mobile merge-game asset, Travel Town / Merge Mansion style, 3/4 view from slightly above as if sitting on a table, thick dark warm-brown outline, soft baked lighting from the upper left, glossy highlight on the top surface, saturated friendly palette, subtle contact shadow under the object, centred, filling about 80% of the frame, transparent background, no text, no border, clean vector-painted finish, 512x512"
"src/sprites/items/bouquet.png","item","Bouquet","Flower Beds (Sunny Meadow)","Bouquet — a rose pink five-petal flower, with fresh green leaf accents. Step 4 of 6 in the ""Flower Beds"" merge chain, so it must read as handsome: richer colour, a trim or a band, a faint sheen. It has to be recognisable at 60px on a tile next to 5 relatives, so keep the silhouette simple and distinct. cartoon mobile merge-game asset, Travel Town / Merge Mansion style, 3/4 view from slightly above as if sitting on a table, thick dark warm-brown outline, soft baked lighting from the upper left, glossy highlight on the top surface, saturated friendly palette, subtle contact shadow under the object, centred, filling about 80% of the frame, transparent background, no text, no border, clean vector-painted finish, 512x512"
"src/sprites/items/garland.png","item","Garland","Flower Beds (Sunny Meadow)","Garland — a pale lilac open blossom, with rich gold accents. Step 5 of 6 in the ""Flower Beds"" merge chain, so it must read as precious: fine detailing, gold or gem accents, a soft glow around it. It has to be recognisable at 60px on a tile next to 5 relatives, so keep the silhouette simple and distinct. cartoon mobile merge-game asset, Travel Town / Merge Mansion style, 3/4 view from slightly above as if sitting on a table, thick dark warm-brown outline, soft baked lighting from the upper left, glossy highlight on the top surface, saturated friendly palette, subtle contact shadow under the object, centred, filling about 80% of the frame, transparent background, no text, no border, clean vector-painted finish, 512x512"
"src/sprites/items/flowercrown.png","item","Flower Crown","Flower Beds (Sunny Meadow)","Flower Crown — a rose pink jewelled crown, with rich gold accents. Step 6 of 6 in the ""Flower Beds"" merge chain, so it must read as a showpiece: ornate, glowing, floating motes of light. It has to be recognisable at 60px on a tile next to 5 relatives, so keep the silhouette simple and distinct. cartoon mobile merge-game asset, Travel Town / Merge Mansion style, 3/4 view from slightly above as if sitting on a table, thick dark warm-brown outline, soft baked lighting from the upper left, glossy highlight on the top surface, saturated friendly palette, subtle contact shadow under the object, centred, filling about 80% of the frame, transparent background, no text, no border, clean vector-painted finish, 512x512"
"src/sprites/items/nectar.png","item","Nectar Drop","Honeyworks (Sunny Meadow)","Nectar Drop — a glowing amber honey water droplet. Step 1 of 6 in the ""Honeyworks"" merge chain, so it must read as the smallest, plainest thing in its chain — tiny, humble, no decoration. It has to be recognisable at 60px on a tile next to 5 relatives, so keep the silhouette simple and distinct. cartoon mobile merge-game asset, Travel Town / Merge Mansion style, 3/4 view from slightly above as if sitting on a table, thick dark warm-brown outline, soft baked lighting from the upper left, glossy highlight on the top surface, saturated friendly palette, subtle contact shadow under the object, centred, filling about 80% of the frame, transparent background, no text, no border, clean vector-painted finish, 512x512"
"src/sprites/items/honeydrop.png","item","Honey Bead","Honeyworks (Sunny Meadow)","Honey Bead — a glowing amber honey soap bubble. Step 2 of 6 in the ""Honeyworks"" merge chain, so it must read as a step up: a little bigger, a little tidier. It has to be recognisable at 60px on a tile next to 5 relatives, so keep the silhouette simple and distinct. cartoon mobile merge-game asset, Travel Town / Merge Mansion style, 3/4 view from slightly above as if sitting on a table, thick dark warm-brown outline, soft baked lighting from the upper left, glossy highlight on the top surface, saturated friendly palette, subtle contact shadow under the object, centred, filling about 80% of the frame, transparent background, no text, no border, clean vector-painted finish, 512x512"
"src/sprites/items/honeycomb.png","item","Honeycomb","Honeyworks (Sunny Meadow)","Honeycomb — a glowing amber honey honeycomb. Step 3 of 6 in the ""Honeyworks"" merge chain, so it must read as clearly made, not found: neat shape, one small metal or painted detail. It has to be recognisable at 60px on a tile next to 5 relatives, so keep the silhouette simple and distinct. cartoon mobile merge-game asset, Travel Town / Merge Mansion style, 3/4 view from slightly above as if sitting on a table, thick dark warm-brown outline, soft baked lighting from the upper left, glossy highlight on the top surface, saturated friendly palette, subtle contact shadow under the object, centred, filling about 80% of the frame, transparent background, no text, no border, clean vector-painted finish, 512x512"
"src/sprites/items/honeypot.png","item","Honey Pot","Honeyworks (Sunny Meadow)","Honey Pot — a terracotta clay clay pot, with glowing amber honey accents. Step 4 of 6 in the ""Honeyworks"" merge chain, so it must read as handsome: richer colour, a trim or a band, a faint sheen. It has to be recognisable at 60px on a tile next to 5 relatives, so keep the silhouette simple and distinct. cartoon mobile merge-game asset, Travel Town / Merge Mansion style, 3/4 view from slightly above as if sitting on a table, thick dark warm-brown outline, soft baked lighting from the upper left, glossy highlight on the top surface, saturated friendly palette, subtle contact shadow under the object, centred, filling about 80% of the frame, transparent background, no text, no border, clean vector-painted finish, 512x512"
"src/sprites/items/beehive.png","item","Beehive","Honeyworks (Sunny Meadow)","Beehive — a glowing amber honey tied sack, with pale golden straw accents. Step 5 of 6 in the ""Honeyworks"" merge chain, so it must read as precious: fine detailing, gold or gem accents, a soft glow around it. It has to be recognisable at 60px on a tile next to 5 relatives, so keep the silhouette simple and distinct. cartoon mobile merge-game asset, Travel Town / Merge Mansion style, 3/4 view from slightly above as if sitting on a table, thick dark warm-brown outline, soft baked lighting from the upper left, glossy highlight on the top surface, saturated friendly palette, subtle contact shadow under the object, centred, filling about 80% of the frame, transparent background, no text, no border, clean vector-painted finish, 512x512"
"src/sprites/items/royaljelly.png","item","Royal Jelly","Honeyworks (Sunny Meadow)","Royal Jelly — a glowing amber honey polished orb, with rich gold accents. Step 6 of 6 in the ""Honeyworks"" merge chain, so it must read as a showpiece: ornate, glowing, floating motes of light. It has to be recognisable at 60px on a tile next to 5 relatives, so keep the silhouette simple and distinct. cartoon mobile merge-game asset, Travel Town / Merge Mansion style, 3/4 view from slightly above as if sitting on a table, thick dark warm-brown outline, soft baked lighting from the upper left, glossy highlight on the top surface, saturated friendly palette, subtle contact shadow under the object, centred, filling about 80% of the frame, transparent background, no text, no border, clean vector-painted finish, 512x512"
"src/sprites/items/caplet.png","item","Tiny Cap","Forest Floor (Sunny Meadow)","Tiny Cap — a violet spore flower bud. Step 1 of 5 in the ""Forest Floor"" merge chain, so it must read as the smallest, plainest thing in its chain — tiny, humble, no decoration. It has to be recognisable at 60px on a tile next to 4 relatives, so keep the silhouette simple and distinct. cartoon mobile merge-game asset, Travel Town / Merge Mansion style, 3/4 view from slightly above as if sitting on a table, thick dark warm-brown outline, soft baked lighting from the upper left, glossy highlight on the top surface, saturated friendly palette, subtle contact shadow under the object, centred, filling about 80% of the frame, transparent background, no text, no border, clean vector-painted finish, 512x512"
"src/sprites/items/toadstool.png","item","Toadstool","Forest Floor (Sunny Meadow)","Toadstool — a deep red ruby toadstool, with pale cream accents. Step 2 of 5 in the ""Forest Floor"" merge chain, so it must read as a step up: a little bigger, a little tidier. It has to be recognisable at 60px on a tile next to 4 relatives, so keep the silhouette simple and distinct. cartoon mobile merge-game asset, Travel Town / Merge Mansion style, 3/4 view from slightly above as if sitting on a table, thick dark warm-brown outline, soft baked lighting from the upper left, glossy highlight on the top surface, saturated friendly palette, subtle contact shadow under the object, centred, filling about 80% of the frame, transparent background, no text, no border, clean vector-painted finish, 512x512"
"src/sprites/items/mushring.png","item","Cap Cluster","Forest Floor (Sunny Meadow)","Cap Cluster — a salmon fungus cluster of berries, with pale cream accents. Step 3 of 5 in the ""Forest Floor"" merge chain, so it must read as clearly made, not found: neat shape, one small metal or painted detail. It has to be recognisable at 60px on a tile next to 4 relatives, so keep the silhouette simple and distinct. cartoon mobile merge-game asset, Travel Town / Merge Mansion style, 3/4 view from slightly above as if sitting on a table, thick dark warm-brown outline, soft baked lighting from the upper left, glossy highlight on the top surface, saturated friendly palette, subtle contact shadow under the object, centred, filling about 80% of the frame, transparent background, no text, no border, clean vector-painted finish, 512x512"
"src/sprites/items/fairyring.png","item","Fairy Ring","Forest Floor (Sunny Meadow)","Fairy Ring — a violet spore five-petal flower, with soft cyan glow accents. Step 4 of 5 in the ""Forest Floor"" merge chain, so it must read as handsome: richer colour, a trim or a band, a faint sheen. It has to be recognisable at 60px on a tile next to 4 relatives, so keep the silhouette simple and distinct. cartoon mobile merge-game asset, Travel Town / Merge Mansion style, 3/4 view from slightly above as if sitting on a table, thick dark warm-brown outline, soft baked lighting from the upper left, glossy highlight on the top surface, saturated friendly palette, subtle contact shadow under the object, centred, filling about 80% of the frame, transparent background, no text, no border, clean vector-painted finish, 512x512"
"src/sprites/items/mossheart.png","item","Moss Heart","Forest Floor (Sunny Meadow)","Moss Heart — a bright moss green polished orb, with soft cyan glow accents. Step 5 of 5 in the ""Forest Floor"" merge chain, so it must read as precious: fine detailing, gold or gem accents, a soft glow around it. It has to be recognisable at 60px on a tile next to 4 relatives, so keep the silhouette simple and distinct. cartoon mobile merge-game asset, Travel Town / Merge Mansion style, 3/4 view from slightly above as if sitting on a table, thick dark warm-brown outline, soft baked lighting from the upper left, glossy highlight on the top surface, saturated friendly palette, subtle contact shadow under the object, centred, filling about 80% of the frame, transparent background, no text, no border, clean vector-painted finish, 512x512"
"src/sprites/items/fibre.png","item","Plant Fibre","The Weavery (Sunny Meadow)","Plant Fibre — a pale golden straw coil of rope. Step 1 of 6 in the ""The Weavery"" merge chain, so it must read as the smallest, plainest thing in its chain — tiny, humble, no decoration. It has to be recognisable at 60px on a tile next to 5 relatives, so keep the silhouette simple and distinct. cartoon mobile merge-game asset, Travel Town / Merge Mansion style, 3/4 view from slightly above as if sitting on a table, thick dark warm-brown outline, soft baked lighting from the upper left, glossy highlight on the top surface, saturated friendly palette, subtle contact shadow under the object, centred, filling about 80% of the frame, transparent background, no text, no border, clean vector-painted finish, 512x512"
"src/sprites/items/thread.png","item","Spool of Thread","The Weavery (Sunny Meadow)","Spool of Thread — a warm red cloth spiral coil. Step 2 of 6 in the ""The Weavery"" merge chain, so it must read as a step up: a little bigger, a little tidier. It has to be recognisable at 60px on a tile next to 5 relatives, so keep the silhouette simple and distinct. cartoon mobile merge-game asset, Travel Town / Merge Mansion style, 3/4 view from slightly above as if sitting on a table, thick dark warm-brown outline, soft baked lighting from the upper left, glossy highlight on the top surface, saturated friendly palette, subtle contact shadow under the object, centred, filling about 80% of the frame, transparent background, no text, no border, clean vector-painted finish, 512x512"
"src/sprites/items/yarn.png","item","Ball of Yarn","The Weavery (Sunny Meadow)","Ball of Yarn — a rose pink polished orb, with warm red cloth accents. Step 3 of 6 in the ""The Weavery"" merge chain, so it must read as clearly made, not found: neat shape, one small metal or painted detail. It has to be recognisable at 60px on a tile next to 5 relatives, so keep the silhouette simple and distinct. cartoon mobile merge-game asset, Travel Town / Merge Mansion style, 3/4 view from slightly above as if sitting on a table, thick dark warm-brown outline, soft baked lighting from the upper left, glossy highlight on the top surface, saturated friendly palette, subtle contact shadow under the object, centred, filling about 80% of the frame, transparent background, no text, no border, clean vector-painted finish, 512x512"
"src/sprites/items/clothbolt.png","item","Bolt of Cloth","The Weavery (Sunny Meadow)","Bolt of Cloth — a warm red cloth folded cloth. Step 4 of 6 in the ""The Weavery"" merge chain, so it must read as handsome: richer colour, a trim or a band, a faint sheen. It has to be recognisable at 60px on a tile next to 5 relatives, so keep the silhouette simple and distinct. cartoon mobile merge-game asset, Travel Town / Merge Mansion style, 3/4 view from slightly above as if sitting on a table, thick dark warm-brown outline, soft baked lighting from the upper left, glossy highlight on the top surface, saturated friendly palette, subtle contact shadow under the object, centred, filling about 80% of the frame, transparent background, no text, no border, clean vector-painted finish, 512x512"
"src/sprites/items/quilt.png","item","Patch Quilt","The Weavery (Sunny Meadow)","Patch Quilt — a pale lilac folded cloth, with mint green accents. Step 5 of 6 in the ""The Weavery"" merge chain, so it must read as precious: fine detailing, gold or gem accents, a soft glow around it. It has to be recognisable at 60px on a tile next to 5 relatives, so keep the silhouette simple and distinct. cartoon mobile merge-game asset, Travel Town / Merge Mansion style, 3/4 view from slightly above as if sitting on a table, thick dark warm-brown outline, soft baked lighting from the upper left, glossy highlight on the top surface, saturated friendly palette, subtle contact shadow under the object, centred, filling about 80% of the frame, transparent background, no text, no border, clean vector-painted finish, 512x512"
"src/sprites/items/tapestry.png","item","Tapestry","The Weavery (Sunny Meadow)","Tapestry — a rose pink rolled scroll, with rich gold accents. Step 6 of 6 in the ""The Weavery"" merge chain, so it must read as a showpiece: ornate, glowing, floating motes of light. It has to be recognisable at 60px on a tile next to 5 relatives, so keep the silhouette simple and distinct. cartoon mobile merge-game asset, Travel Town / Merge Mansion style, 3/4 view from slightly above as if sitting on a table, thick dark warm-brown outline, soft baked lighting from the upper left, glossy highlight on the top surface, saturated friendly palette, subtle contact shadow under the object, centred, filling about 80% of the frame, transparent background, no text, no border, clean vector-painted finish, 512x512"
"src/sprites/items/down.png","item","Down Tuft","The Nesting (Sunny Meadow)","Down Tuft — a pale cream puffy cloud. Step 1 of 6 in the ""The Nesting"" merge chain, so it must read as the smallest, plainest thing in its chain — tiny, humble, no decoration. It has to be recognisable at 60px on a tile next to 5 relatives, so keep the silhouette simple and distinct. cartoon mobile merge-game asset, Travel Town / Merge Mansion style, 3/4 view from slightly above as if sitting on a table, thick dark warm-brown outline, soft baked lighting from the upper left, glossy highlight on the top surface, saturated friendly palette, subtle contact shadow under the object, centred, filling about 80% of the frame, transparent background, no text, no border, clean vector-painted finish, 512x512"
"src/sprites/items/plume.png","item","Feather","The Nesting (Sunny Meadow)","Feather — a dusky violet feather, with pale silver accents. Step 2 of 6 in the ""The Nesting"" merge chain, so it must read as a step up: a little bigger, a little tidier. It has to be recognisable at 60px on a tile next to 5 relatives, so keep the silhouette simple and distinct. cartoon mobile merge-game asset, Travel Town / Merge Mansion style, 3/4 view from slightly above as if sitting on a table, thick dark warm-brown outline, soft baked lighting from the upper left, glossy highlight on the top surface, saturated friendly palette, subtle contact shadow under the object, centred, filling about 80% of the frame, transparent background, no text, no border, clean vector-painted finish, 512x512"
"src/sprites/items/nest.png","item","Twig Nest","The Nesting (Sunny Meadow)","Twig Nest — a dark rough bark woven basket, with pale golden straw accents. Step 3 of 6 in the ""The Nesting"" merge chain, so it must read as clearly made, not found: neat shape, one small metal or painted detail. It has to be recognisable at 60px on a tile next to 5 relatives, so keep the silhouette simple and distinct. cartoon mobile merge-game asset, Travel Town / Merge Mansion style, 3/4 view from slightly above as if sitting on a table, thick dark warm-brown outline, soft baked lighting from the upper left, glossy highlight on the top surface, saturated friendly palette, subtle contact shadow under the object, centred, filling about 80% of the frame, transparent background, no text, no border, clean vector-painted finish, 512x512"
"src/sprites/items/speckegg.png","item","Speckled Egg","The Nesting (Sunny Meadow)","Speckled Egg — a pale cream speckled egg, with rose pink accents. Step 4 of 6 in the ""The Nesting"" merge chain, so it must read as handsome: richer colour, a trim or a band, a faint sheen. It has to be recognisable at 60px on a tile next to 5 relatives, so keep the silhouette simple and distinct. cartoon mobile merge-game asset, Travel Town / Merge Mansion style, 3/4 view from slightly above as if sitting on a table, thick dark warm-brown outline, soft baked lighting from the upper left, glossy highlight on the top surface, saturated friendly palette, subtle contact shadow under the object, centred, filling about 80% of the frame, transparent background, no text, no border, clean vector-painted finish, 512x512"
"src/sprites/items/songbird.png","item","Songbird","The Nesting (Sunny Meadow)","Songbird — a blue sapphire round little bird, with rich gold accents. Step 5 of 6 in the ""The Nesting"" merge chain, so it must read as precious: fine detailing, gold or gem accents, a soft glow around it. It has to be recognisable at 60px on a tile next to 5 relatives, so keep the silhouette simple and distinct. cartoon mobile merge-game asset, Travel Town / Merge Mansion style, 3/4 view from slightly above as if sitting on a table, thick dark warm-brown outline, soft baked lighting from the upper left, glossy highlight on the top surface, saturated friendly palette, subtle contact shadow under the object, centred, filling about 80% of the frame, transparent background, no text, no border, clean vector-painted finish, 512x512"
"src/sprites/items/aviary.png","item","Aviary","The Nesting (Sunny Meadow)","Aviary — a pale blue glass little house, with fresh green leaf accents. Step 6 of 6 in the ""The Nesting"" merge chain, so it must read as a showpiece: ornate, glowing, floating motes of light. It has to be recognisable at 60px on a tile next to 5 relatives, so keep the silhouette simple and distinct. cartoon mobile merge-game asset, Travel Town / Merge Mansion style, 3/4 view from slightly above as if sitting on a table, thick dark warm-brown outline, soft baked lighting from the upper left, glossy highlight on the top surface, saturated friendly palette, subtle contact shadow under the object, centred, filling about 80% of the frame, transparent background, no text, no border, clean vector-painted finish, 512x512"
"src/sprites/items/mud.png","item","Clay Daub","The Pottery (Sunny Meadow)","Clay Daub — a terracotta clay smooth pebble. Step 1 of 6 in the ""The Pottery"" merge chain, so it must read as the smallest, plainest thing in its chain — tiny, humble, no decoration. It has to be recognisable at 60px on a tile next to 5 relatives, so keep the silhouette simple and distinct. cartoon mobile merge-game asset, Travel Town / Merge Mansion style, 3/4 view from slightly above as if sitting on a table, thick dark warm-brown outline, soft baked lighting from the upper left, glossy highlight on the top surface, saturated friendly palette, subtle contact shadow under the object, centred, filling about 80% of the frame, transparent background, no text, no border, clean vector-painted finish, 512x512"
"src/sprites/items/claylump.png","item","Clay Lump","The Pottery (Sunny Meadow)","Clay Lump — a terracotta clay chunky rock. Step 2 of 6 in the ""The Pottery"" merge chain, so it must read as a step up: a little bigger, a little tidier. It has to be recognisable at 60px on a tile next to 5 relatives, so keep the silhouette simple and distinct. cartoon mobile merge-game asset, Travel Town / Merge Mansion style, 3/4 view from slightly above as if sitting on a table, thick dark warm-brown outline, soft baked lighting from the upper left, glossy highlight on the top surface, saturated friendly palette, subtle contact shadow under the object, centred, filling about 80% of the frame, transparent background, no text, no border, clean vector-painted finish, 512x512"
"src/sprites/items/claypot.png","item","Clay Pot","The Pottery (Sunny Meadow)","Clay Pot — a terracotta clay clay pot. Step 3 of 6 in the ""The Pottery"" merge chain, so it must read as clearly made, not found: neat shape, one small metal or painted detail. It has to be recognisable at 60px on a tile next to 5 relatives, so keep the silhouette simple and distinct. cartoon mobile merge-game asset, Travel Town / Merge Mansion style, 3/4 view from slightly above as if sitting on a table, thick dark warm-brown outline, soft baked lighting from the upper left, glossy highlight on the top surface, saturated friendly palette, subtle contact shadow under the object, centred, filling about 80% of the frame, transparent background, no text, no border, clean vector-painted finish, 512x512"
"src/sprites/items/urn.png","item","Painted Urn","The Pottery (Sunny Meadow)","Painted Urn — a terracotta clay lidded jar, with rose pink accents. Step 4 of 6 in the ""The Pottery"" merge chain, so it must read as handsome: richer colour, a trim or a band, a faint sheen. It has to be recognisable at 60px on a tile next to 5 relatives, so keep the silhouette simple and distinct. cartoon mobile merge-game asset, Travel Town / Merge Mansion style, 3/4 view from slightly above as if sitting on a table, thick dark warm-brown outline, soft baked lighting from the upper left, glossy highlight on the top surface, saturated friendly palette, subtle contact shadow under the object, centred, filling about 80% of the frame, transparent background, no text, no border, clean vector-painted finish, 512x512"
"src/sprites/items/kiln.png","item","Kiln","The Pottery (Sunny Meadow)","Kiln — a terracotta clay little house, with orange flame accents. Step 5 of 6 in the ""The Pottery"" merge chain, so it must read as precious: fine detailing, gold or gem accents, a soft glow around it. It has to be recognisable at 60px on a tile next to 5 relatives, so keep the silhouette simple and distinct. cartoon mobile merge-game asset, Travel Town / Merge Mansion style, 3/4 view from slightly above as if sitting on a table, thick dark warm-brown outline, soft baked lighting from the upper left, glossy highlight on the top surface, saturated friendly palette, subtle contact shadow under the object, centred, filling about 80% of the frame, transparent background, no text, no border, clean vector-painted finish, 512x512"
"src/sprites/items/porcelain.png","item","Porcelain Vase","The Pottery (Sunny Meadow)","Porcelain Vase — a pale cream clay pot, with blue sapphire accents. Step 6 of 6 in the ""The Pottery"" merge chain, so it must read as a showpiece: ornate, glowing, floating motes of light. It has to be recognisable at 60px on a tile next to 5 relatives, so keep the silhouette simple and distinct. cartoon mobile merge-game asset, Travel Town / Merge Mansion style, 3/4 view from slightly above as if sitting on a table, thick dark warm-brown outline, soft baked lighting from the upper left, glossy highlight on the top surface, saturated friendly palette, subtle contact shadow under the object, centred, filling about 80% of the frame, transparent background, no text, no border, clean vector-painted finish, 512x512"
"src/sprites/items/grub.png","item","Grub","Meadow Wilds (Sunny Meadow)","Grub — a pale cream silk cocoon, with bright moss green accents. Step 1 of 5 in the ""Meadow Wilds"" merge chain, so it must read as the smallest, plainest thing in its chain — tiny, humble, no decoration. It has to be recognisable at 60px on a tile next to 4 relatives, so keep the silhouette simple and distinct. cartoon mobile merge-game asset, Travel Town / Merge Mansion style, 3/4 view from slightly above as if sitting on a table, thick dark warm-brown outline, soft baked lighting from the upper left, glossy highlight on the top surface, saturated friendly palette, subtle contact shadow under the object, centred, filling about 80% of the frame, transparent background, no text, no border, clean vector-painted finish, 512x512"
"src/sprites/items/chrysalis.png","item","Chrysalis","Meadow Wilds (Sunny Meadow)","Chrysalis — a jade green silk cocoon, with rich gold accents. Step 2 of 5 in the ""Meadow Wilds"" merge chain, so it must read as a step up: a little bigger, a little tidier. It has to be recognisable at 60px on a tile next to 4 relatives, so keep the silhouette simple and distinct. cartoon mobile merge-game asset, Travel Town / Merge Mansion style, 3/4 view from slightly above as if sitting on a table, thick dark warm-brown outline, soft baked lighting from the upper left, glossy highlight on the top surface, saturated friendly palette, subtle contact shadow under the object, centred, filling about 80% of the frame, transparent background, no text, no border, clean vector-painted finish, 512x512"
"src/sprites/items/flutter.png","item","Flutterwing","Meadow Wilds (Sunny Meadow)","Flutterwing — a pale lilac butterfly, with golden topaz accents. Step 3 of 5 in the ""Meadow Wilds"" merge chain, so it must read as clearly made, not found: neat shape, one small metal or painted detail. It has to be recognisable at 60px on a tile next to 4 relatives, so keep the silhouette simple and distinct. cartoon mobile merge-game asset, Travel Town / Merge Mansion style, 3/4 view from slightly above as if sitting on a table, thick dark warm-brown outline, soft baked lighting from the upper left, glossy highlight on the top surface, saturated friendly palette, subtle contact shadow under the object, centred, filling about 80% of the frame, transparent background, no text, no border, clean vector-painted finish, 512x512"
"src/sprites/items/swarm.png","item","Bloom Swarm","Meadow Wilds (Sunny Meadow)","Bloom Swarm — a rose pink butterfly, with rich gold accents. Step 4 of 5 in the ""Meadow Wilds"" merge chain, so it must read as handsome: richer colour, a trim or a band, a faint sheen. It has to be recognisable at 60px on a tile next to 4 relatives, so keep the silhouette simple and distinct. cartoon mobile merge-game asset, Travel Town / Merge Mansion style, 3/4 view from slightly above as if sitting on a table, thick dark warm-brown outline, soft baked lighting from the upper left, glossy highlight on the top surface, saturated friendly palette, subtle contact shadow under the object, centred, filling about 80% of the frame, transparent background, no text, no border, clean vector-painted finish, 512x512"
"src/sprites/items/meadowheart.png","item","Meadow Heart","Meadow Wilds (Sunny Meadow)","Meadow Heart — a fresh green leaf polished orb, with soft cyan glow accents. Step 5 of 5 in the ""Meadow Wilds"" merge chain, so it must read as precious: fine detailing, gold or gem accents, a soft glow around it. It has to be recognisable at 60px on a tile next to 4 relatives, so keep the silhouette simple and distinct. cartoon mobile merge-game asset, Travel Town / Merge Mansion style, 3/4 view from slightly above as if sitting on a table, thick dark warm-brown outline, soft baked lighting from the upper left, glossy highlight on the top surface, saturated friendly palette, subtle contact shadow under the object, centred, filling about 80% of the frame, transparent background, no text, no border, clean vector-painted finish, 512x512"
"src/sprites/items/mrock.png","item","Moon Rock","Moon Rocks (Crater Camp)","Moon Rock — a pale lilac moonstone smooth pebble. Step 1 of 6 in the ""Moon Rocks"" merge chain, so it must read as the smallest, plainest thing in its chain — tiny, humble, no decoration. It has to be recognisable at 60px on a tile next to 5 relatives, so keep the silhouette simple and distinct. cartoon mobile merge-game asset, Travel Town / Merge Mansion style, 3/4 view from slightly above as if sitting on a table, thick dark warm-brown outline, soft baked lighting from the upper left, glossy highlight on the top surface, saturated friendly palette, subtle contact shadow under the object, centred, filling about 80% of the frame, transparent background, no text, no border, clean vector-painted finish, 512x512"
"src/sprites/items/mcrystal.png","item","Moon Shard","Moon Rocks (Crater Camp)","Moon Shard — a pale lilac moonstone faceted crystal shard, with white frost accents. Step 2 of 6 in the ""Moon Rocks"" merge chain, so it must read as a step up: a little bigger, a little tidier. It has to be recognisable at 60px on a tile next to 5 relatives, so keep the silhouette simple and distinct. cartoon mobile merge-game asset, Travel Town / Merge Mansion style, 3/4 view from slightly above as if sitting on a table, thick dark warm-brown outline, soft baked lighting from the upper left, glossy highlight on the top surface, saturated friendly palette, subtle contact shadow under the object, centred, filling about 80% of the frame, transparent background, no text, no border, clean vector-painted finish, 512x512"
"src/sprites/items/mcore.png","item","Moon Core","Moon Rocks (Crater Camp)","Moon Core — a dusky violet cut gemstone, with pale lilac moonstone accents. Step 3 of 6 in the ""Moon Rocks"" merge chain, so it must read as clearly made, not found: neat shape, one small metal or painted detail. It has to be recognisable at 60px on a tile next to 5 relatives, so keep the silhouette simple and distinct. cartoon mobile merge-game asset, Travel Town / Merge Mansion style, 3/4 view from slightly above as if sitting on a table, thick dark warm-brown outline, soft baked lighting from the upper left, glossy highlight on the top surface, saturated friendly palette, subtle contact shadow under the object, centred, filling about 80% of the frame, transparent background, no text, no border, clean vector-painted finish, 512x512"
"src/sprites/items/mstar.png","item","Moon Star","Moon Rocks (Crater Camp)","Moon Star — a pale lilac moonstone five-point star, with golden starlight accents. Step 4 of 6 in the ""Moon Rocks"" merge chain, so it must read as handsome: richer colour, a trim or a band, a faint sheen. It has to be recognisable at 60px on a tile next to 5 relatives, so keep the silhouette simple and distinct. cartoon mobile merge-game asset, Travel Town / Merge Mansion style, 3/4 view from slightly above as if sitting on a table, thick dark warm-brown outline, soft baked lighting from the upper left, glossy highlight on the top surface, saturated friendly palette, subtle contact shadow under the object, centred, filling about 80% of the frame, transparent background, no text, no border, clean vector-painted finish, 512x512"
"src/sprites/items/moonorb.png","item","Moon Orb","Moon Rocks (Crater Camp)","Moon Orb — a pale lilac moonstone little ringed planet, with golden starlight accents. Step 5 of 6 in the ""Moon Rocks"" merge chain, so it must read as precious: fine detailing, gold or gem accents, a soft glow around it. It has to be recognisable at 60px on a tile next to 5 relatives, so keep the silhouette simple and distinct. cartoon mobile merge-game asset, Travel Town / Merge Mansion style, 3/4 view from slightly above as if sitting on a table, thick dark warm-brown outline, soft baked lighting from the upper left, glossy highlight on the top surface, saturated friendly palette, subtle contact shadow under the object, centred, filling about 80% of the frame, transparent background, no text, no border, clean vector-painted finish, 512x512"
"src/sprites/items/moonstatue.png","item","Moon Idol","Moon Rocks (Crater Camp)","Moon Idol — a pale lilac moonstone ceremonial mask, with pale silver accents. Step 6 of 6 in the ""Moon Rocks"" merge chain, so it must read as a showpiece: ornate, glowing, floating motes of light. It has to be recognisable at 60px on a tile next to 5 relatives, so keep the silhouette simple and distinct. cartoon mobile merge-game asset, Travel Town / Merge Mansion style, 3/4 view from slightly above as if sitting on a table, thick dark warm-brown outline, soft baked lighting from the upper left, glossy highlight on the top surface, saturated friendly palette, subtle contact shadow under the object, centred, filling about 80% of the frame, transparent background, no text, no border, clean vector-painted finish, 512x512"
"src/sprites/items/spore.png","item","Glow Spore","Glow Garden (Crater Camp)","Glow Spore — a violet spore plump seed. Step 1 of 6 in the ""Glow Garden"" merge chain, so it must read as the smallest, plainest thing in its chain — tiny, humble, no decoration. It has to be recognisable at 60px on a tile next to 5 relatives, so keep the silhouette simple and distinct. cartoon mobile merge-game asset, Travel Town / Merge Mansion style, 3/4 view from slightly above as if sitting on a table, thick dark warm-brown outline, soft baked lighting from the upper left, glossy highlight on the top surface, saturated friendly palette, subtle contact shadow under the object, centred, filling about 80% of the frame, transparent background, no text, no border, clean vector-painted finish, 512x512"
"src/sprites/items/bulb.png","item","Glow Bulb","Glow Garden (Crater Camp)","Glow Bulb — a soft cyan glow flower bud. Step 2 of 6 in the ""Glow Garden"" merge chain, so it must read as a step up: a little bigger, a little tidier. It has to be recognisable at 60px on a tile next to 5 relatives, so keep the silhouette simple and distinct. cartoon mobile merge-game asset, Travel Town / Merge Mansion style, 3/4 view from slightly above as if sitting on a table, thick dark warm-brown outline, soft baked lighting from the upper left, glossy highlight on the top surface, saturated friendly palette, subtle contact shadow under the object, centred, filling about 80% of the frame, transparent background, no text, no border, clean vector-painted finish, 512x512"
"src/sprites/items/glowflower.png","item","Glow Flower","Glow Garden (Crater Camp)","Glow Flower — a soft cyan glow five-petal flower, with violet spore accents. Step 3 of 6 in the ""Glow Garden"" merge chain, so it must read as clearly made, not found: neat shape, one small metal or painted detail. It has to be recognisable at 60px on a tile next to 5 relatives, so keep the silhouette simple and distinct. cartoon mobile merge-game asset, Travel Town / Merge Mansion style, 3/4 view from slightly above as if sitting on a table, thick dark warm-brown outline, soft baked lighting from the upper left, glossy highlight on the top surface, saturated friendly palette, subtle contact shadow under the object, centred, filling about 80% of the frame, transparent background, no text, no border, clean vector-painted finish, 512x512"
"src/sprites/items/starbloom.png","item","Star Bloom","Glow Garden (Crater Camp)","Star Bloom — a golden starlight open blossom, with soft cyan glow accents. Step 4 of 6 in the ""Glow Garden"" merge chain, so it must read as handsome: richer colour, a trim or a band, a faint sheen. It has to be recognisable at 60px on a tile next to 5 relatives, so keep the silhouette simple and distinct. cartoon mobile merge-game asset, Travel Town / Merge Mansion style, 3/4 view from slightly above as if sitting on a table, thick dark warm-brown outline, soft baked lighting from the upper left, glossy highlight on the top surface, saturated friendly palette, subtle contact shadow under the object, centred, filling about 80% of the frame, transparent background, no text, no border, clean vector-painted finish, 512x512"
"src/sprites/items/glowtree.png","item","Glow Tree","Glow Garden (Crater Camp)","Glow Tree — a violet spore round-crowned tree, with soft cyan glow accents. Step 5 of 6 in the ""Glow Garden"" merge chain, so it must read as precious: fine detailing, gold or gem accents, a soft glow around it. It has to be recognisable at 60px on a tile next to 5 relatives, so keep the silhouette simple and distinct. cartoon mobile merge-game asset, Travel Town / Merge Mansion style, 3/4 view from slightly above as if sitting on a table, thick dark warm-brown outline, soft baked lighting from the upper left, glossy highlight on the top surface, saturated friendly palette, subtle contact shadow under the object, centred, filling about 80% of the frame, transparent background, no text, no border, clean vector-painted finish, 512x512"
"src/sprites/items/glowgrove.png","item","Glow Grove","Glow Garden (Crater Camp)","Glow Grove — a violet spore little house, with soft cyan glow accents. Step 6 of 6 in the ""Glow Garden"" merge chain, so it must read as a showpiece: ornate, glowing, floating motes of light. It has to be recognisable at 60px on a tile next to 5 relatives, so keep the silhouette simple and distinct. cartoon mobile merge-game asset, Travel Town / Merge Mansion style, 3/4 view from slightly above as if sitting on a table, thick dark warm-brown outline, soft baked lighting from the upper left, glossy highlight on the top surface, saturated friendly palette, subtle contact shadow under the object, centred, filling about 80% of the frame, transparent background, no text, no border, clean vector-painted finish, 512x512"
"src/sprites/items/dustpinch.png","item","Dust Pinch","Dust Flats (Crater Camp)","Dust Pinch — a warm sand smooth pebble. Step 1 of 5 in the ""Dust Flats"" merge chain, so it must read as the smallest, plainest thing in its chain — tiny, humble, no decoration. It has to be recognisable at 60px on a tile next to 4 relatives, so keep the silhouette simple and distinct. cartoon mobile merge-game asset, Travel Town / Merge Mansion style, 3/4 view from slightly above as if sitting on a table, thick dark warm-brown outline, soft baked lighting from the upper left, glossy highlight on the top surface, saturated friendly palette, subtle contact shadow under the object, centred, filling about 80% of the frame, transparent background, no text, no border, clean vector-painted finish, 512x512"
"src/sprites/items/dustclump.png","item","Dust Clump","Dust Flats (Crater Camp)","Dust Clump — a warm sand chunky rock, with blue-grey slate accents. Step 2 of 5 in the ""Dust Flats"" merge chain, so it must read as a step up: a little bigger, a little tidier. It has to be recognisable at 60px on a tile next to 4 relatives, so keep the silhouette simple and distinct. cartoon mobile merge-game asset, Travel Town / Merge Mansion style, 3/4 view from slightly above as if sitting on a table, thick dark warm-brown outline, soft baked lighting from the upper left, glossy highlight on the top surface, saturated friendly palette, subtle contact shadow under the object, centred, filling about 80% of the frame, transparent background, no text, no border, clean vector-painted finish, 512x512"
"src/sprites/items/regolith.png","item","Regolith Brick","Dust Flats (Crater Camp)","Regolith Brick — a blue-grey slate stack of planks, with warm sand accents. Step 3 of 5 in the ""Dust Flats"" merge chain, so it must read as clearly made, not found: neat shape, one small metal or painted detail. It has to be recognisable at 60px on a tile next to 4 relatives, so keep the silhouette simple and distinct. cartoon mobile merge-game asset, Travel Town / Merge Mansion style, 3/4 view from slightly above as if sitting on a table, thick dark warm-brown outline, soft baked lighting from the upper left, glossy highlight on the top surface, saturated friendly palette, subtle contact shadow under the object, centred, filling about 80% of the frame, transparent background, no text, no border, clean vector-painted finish, 512x512"
"src/sprites/items/moonbrick.png","item","Moon Brick","Dust Flats (Crater Camp)","Moon Brick — a blue-grey slate wooden crate, with pale lilac moonstone accents. Step 4 of 5 in the ""Dust Flats"" merge chain, so it must read as handsome: richer colour, a trim or a band, a faint sheen. It has to be recognisable at 60px on a tile next to 4 relatives, so keep the silhouette simple and distinct. cartoon mobile merge-game asset, Travel Town / Merge Mansion style, 3/4 view from slightly above as if sitting on a table, thick dark warm-brown outline, soft baked lighting from the upper left, glossy highlight on the top surface, saturated friendly palette, subtle contact shadow under the object, centred, filling about 80% of the frame, transparent background, no text, no border, clean vector-painted finish, 512x512"
"src/sprites/items/moonwall.png","item","Moon Wall","Dust Flats (Crater Camp)","Moon Wall — a blue-grey slate stone arch, with pale lilac moonstone accents. Step 5 of 5 in the ""Dust Flats"" merge chain, so it must read as precious: fine detailing, gold or gem accents, a soft glow around it. It has to be recognisable at 60px on a tile next to 4 relatives, so keep the silhouette simple and distinct. cartoon mobile merge-game asset, Travel Town / Merge Mansion style, 3/4 view from slightly above as if sitting on a table, thick dark warm-brown outline, soft baked lighting from the upper left, glossy highlight on the top surface, saturated friendly palette, subtle contact shadow under the object, centred, filling about 80% of the frame, transparent background, no text, no border, clean vector-painted finish, 512x512"
"src/sprites/items/frostchip.png","item","Frost Chip","Ice Fields (Crater Camp)","Frost Chip — a white frost ice shard. Step 1 of 6 in the ""Ice Fields"" merge chain, so it must read as the smallest, plainest thing in its chain — tiny, humble, no decoration. It has to be recognisable at 60px on a tile next to 5 relatives, so keep the silhouette simple and distinct. cartoon mobile merge-game asset, Travel Town / Merge Mansion style, 3/4 view from slightly above as if sitting on a table, thick dark warm-brown outline, soft baked lighting from the upper left, glossy highlight on the top surface, saturated friendly palette, subtle contact shadow under the object, centred, filling about 80% of the frame, transparent background, no text, no border, clean vector-painted finish, 512x512"
"src/sprites/items/iceshard.png","item","Ice Shard","Ice Fields (Crater Camp)","Ice Shard — a pale blue ice faceted crystal shard. Step 2 of 6 in the ""Ice Fields"" merge chain, so it must read as a step up: a little bigger, a little tidier. It has to be recognisable at 60px on a tile next to 5 relatives, so keep the silhouette simple and distinct. cartoon mobile merge-game asset, Travel Town / Merge Mansion style, 3/4 view from slightly above as if sitting on a table, thick dark warm-brown outline, soft baked lighting from the upper left, glossy highlight on the top surface, saturated friendly palette, subtle contact shadow under the object, centred, filling about 80% of the frame, transparent background, no text, no border, clean vector-painted finish, 512x512"
"src/sprites/items/icecore.png","item","Ice Core","Ice Fields (Crater Camp)","Ice Core — a pale blue ice cut gemstone, with white frost accents. Step 3 of 6 in the ""Ice Fields"" merge chain, so it must read as clearly made, not found: neat shape, one small metal or painted detail. It has to be recognisable at 60px on a tile next to 5 relatives, so keep the silhouette simple and distinct. cartoon mobile merge-game asset, Travel Town / Merge Mansion style, 3/4 view from slightly above as if sitting on a table, thick dark warm-brown outline, soft baked lighting from the upper left, glossy highlight on the top surface, saturated friendly palette, subtle contact shadow under the object, centred, filling about 80% of the frame, transparent background, no text, no border, clean vector-painted finish, 512x512"
"src/sprites/items/snowstar.png","item","Snow Star","Ice Fields (Crater Camp)","Snow Star — a white frost snowflake, with pale blue ice accents. Step 4 of 6 in the ""Ice Fields"" merge chain, so it must read as handsome: richer colour, a trim or a band, a faint sheen. It has to be recognisable at 60px on a tile next to 5 relatives, so keep the silhouette simple and distinct. cartoon mobile merge-game asset, Travel Town / Merge Mansion style, 3/4 view from slightly above as if sitting on a table, thick dark warm-brown outline, soft baked lighting from the upper left, glossy highlight on the top surface, saturated friendly palette, subtle contact shadow under the object, centred, filling about 80% of the frame, transparent background, no text, no border, clean vector-painted finish, 512x512"
"src/sprites/items/glacier.png","item","Glacier Block","Ice Fields (Crater Camp)","Glacier Block — a pale blue ice wooden crate, with deep ocean blue accents. Step 5 of 6 in the ""Ice Fields"" merge chain, so it must read as precious: fine detailing, gold or gem accents, a soft glow around it. It has to be recognisable at 60px on a tile next to 5 relatives, so keep the silhouette simple and distinct. cartoon mobile merge-game asset, Travel Town / Merge Mansion style, 3/4 view from slightly above as if sitting on a table, thick dark warm-brown outline, soft baked lighting from the upper left, glossy highlight on the top surface, saturated friendly palette, subtle contact shadow under the object, centred, filling about 80% of the frame, transparent background, no text, no border, clean vector-painted finish, 512x512"
"src/sprites/items/icecastle.png","item","Ice Castle","Ice Fields (Crater Camp)","Ice Castle — a pale blue ice stone tower, with white frost accents. Step 6 of 6 in the ""Ice Fields"" merge chain, so it must read as a showpiece: ornate, glowing, floating motes of light. It has to be recognisable at 60px on a tile next to 5 relatives, so keep the silhouette simple and distinct. cartoon mobile merge-game asset, Travel Town / Merge Mansion style, 3/4 view from slightly above as if sitting on a table, thick dark warm-brown outline, soft baked lighting from the upper left, glossy highlight on the top surface, saturated friendly palette, subtle contact shadow under the object, centred, filling about 80% of the frame, transparent background, no text, no border, clean vector-painted finish, 512x512"
"src/sprites/items/shardlet.png","item","Crystal Chip","Crystal Vein (Crater Camp)","Crystal Chip — a clear cyan crystal smooth pebble. Step 1 of 5 in the ""Crystal Vein"" merge chain, so it must read as the smallest, plainest thing in its chain — tiny, humble, no decoration. It has to be recognisable at 60px on a tile next to 4 relatives, so keep the silhouette simple and distinct. cartoon mobile merge-game asset, Travel Town / Merge Mansion style, 3/4 view from slightly above as if sitting on a table, thick dark warm-brown outline, soft baked lighting from the upper left, glossy highlight on the top surface, saturated friendly palette, subtle contact shadow under the object, centred, filling about 80% of the frame, transparent background, no text, no border, clean vector-painted finish, 512x512"
"src/sprites/items/prismlet.png","item","Prism Shard","Crystal Vein (Crater Camp)","Prism Shard — a clear cyan crystal faceted crystal shard. Step 2 of 5 in the ""Crystal Vein"" merge chain, so it must read as a step up: a little bigger, a little tidier. It has to be recognisable at 60px on a tile next to 4 relatives, so keep the silhouette simple and distinct. cartoon mobile merge-game asset, Travel Town / Merge Mansion style, 3/4 view from slightly above as if sitting on a table, thick dark warm-brown outline, soft baked lighting from the upper left, glossy highlight on the top surface, saturated friendly palette, subtle contact shadow under the object, centred, filling about 80% of the frame, transparent background, no text, no border, clean vector-painted finish, 512x512"
"src/sprites/items/prismcore.png","item","Prism Core","Crystal Vein (Crater Camp)","Prism Core — a clear cyan crystal glass prism, with teal-green aurora glow accents. Step 3 of 5 in the ""Crystal Vein"" merge chain, so it must read as clearly made, not found: neat shape, one small metal or painted detail. It has to be recognisable at 60px on a tile next to 4 relatives, so keep the silhouette simple and distinct. cartoon mobile merge-game asset, Travel Town / Merge Mansion style, 3/4 view from slightly above as if sitting on a table, thick dark warm-brown outline, soft baked lighting from the upper left, glossy highlight on the top surface, saturated friendly palette, subtle contact shadow under the object, centred, filling about 80% of the frame, transparent background, no text, no border, clean vector-painted finish, 512x512"
"src/sprites/items/prismheart.png","item","Prism Heart","Crystal Vein (Crater Camp)","Prism Heart — a clear cyan crystal little ringed planet, with teal-green aurora glow accents. Step 4 of 5 in the ""Crystal Vein"" merge chain, so it must read as handsome: richer colour, a trim or a band, a faint sheen. It has to be recognisable at 60px on a tile next to 4 relatives, so keep the silhouette simple and distinct. cartoon mobile merge-game asset, Travel Town / Merge Mansion style, 3/4 view from slightly above as if sitting on a table, thick dark warm-brown outline, soft baked lighting from the upper left, glossy highlight on the top surface, saturated friendly palette, subtle contact shadow under the object, centred, filling about 80% of the frame, transparent background, no text, no border, clean vector-painted finish, 512x512"
"src/sprites/items/prismtower.png","item","Prism Spire","Crystal Vein (Crater Camp)","Prism Spire — a clear cyan crystal stone tower, with teal-green aurora glow accents. Step 5 of 5 in the ""Crystal Vein"" merge chain, so it must read as precious: fine detailing, gold or gem accents, a soft glow around it. It has to be recognisable at 60px on a tile next to 4 relatives, so keep the silhouette simple and distinct. cartoon mobile merge-game asset, Travel Town / Merge Mansion style, 3/4 view from slightly above as if sitting on a table, thick dark warm-brown outline, soft baked lighting from the upper left, glossy highlight on the top surface, saturated friendly palette, subtle contact shadow under the object, centred, filling about 80% of the frame, transparent background, no text, no border, clean vector-painted finish, 512x512"
"src/sprites/items/wick.png","item","Wick","Lanternworks (Crater Camp)","Wick — a warm red cloth coil of rope. Step 1 of 5 in the ""Lanternworks"" merge chain, so it must read as the smallest, plainest thing in its chain — tiny, humble, no decoration. It has to be recognisable at 60px on a tile next to 4 relatives, so keep the silhouette simple and distinct. cartoon mobile merge-game asset, Travel Town / Merge Mansion style, 3/4 view from slightly above as if sitting on a table, thick dark warm-brown outline, soft baked lighting from the upper left, glossy highlight on the top surface, saturated friendly palette, subtle contact shadow under the object, centred, filling about 80% of the frame, transparent background, no text, no border, clean vector-painted finish, 512x512"
"src/sprites/items/lampglass.png","item","Lamp Glass","Lanternworks (Crater Camp)","Lamp Glass — a pale blue glass lidded jar. Step 2 of 5 in the ""Lanternworks"" merge chain, so it must read as a step up: a little bigger, a little tidier. It has to be recognisable at 60px on a tile next to 4 relatives, so keep the silhouette simple and distinct. cartoon mobile merge-game asset, Travel Town / Merge Mansion style, 3/4 view from slightly above as if sitting on a table, thick dark warm-brown outline, soft baked lighting from the upper left, glossy highlight on the top surface, saturated friendly palette, subtle contact shadow under the object, centred, filling about 80% of the frame, transparent background, no text, no border, clean vector-painted finish, 512x512"
"src/sprites/items/moonlamp.png","item","Moon Lantern","Lanternworks (Crater Camp)","Moon Lantern — a rich gold hanging lantern, with soft cyan glow accents. Step 3 of 5 in the ""Lanternworks"" merge chain, so it must read as clearly made, not found: neat shape, one small metal or painted detail. It has to be recognisable at 60px on a tile next to 4 relatives, so keep the silhouette simple and distinct. cartoon mobile merge-game asset, Travel Town / Merge Mansion style, 3/4 view from slightly above as if sitting on a table, thick dark warm-brown outline, soft baked lighting from the upper left, glossy highlight on the top surface, saturated friendly palette, subtle contact shadow under the object, centred, filling about 80% of the frame, transparent background, no text, no border, clean vector-painted finish, 512x512"
"src/sprites/items/beacon.png","item","Beacon","Lanternworks (Crater Camp)","Beacon — a warm copper hanging lantern, with orange flame accents. Step 4 of 5 in the ""Lanternworks"" merge chain, so it must read as handsome: richer colour, a trim or a band, a faint sheen. It has to be recognisable at 60px on a tile next to 4 relatives, so keep the silhouette simple and distinct. cartoon mobile merge-game asset, Travel Town / Merge Mansion style, 3/4 view from slightly above as if sitting on a table, thick dark warm-brown outline, soft baked lighting from the upper left, glossy highlight on the top surface, saturated friendly palette, subtle contact shadow under the object, centred, filling about 80% of the frame, transparent background, no text, no border, clean vector-painted finish, 512x512"
"src/sprites/items/lighthouse.png","item","Lighthouse","Lanternworks (Crater Camp)","Lighthouse — a pale cream stone tower, with orange flame accents. Step 5 of 5 in the ""Lanternworks"" merge chain, so it must read as precious: fine detailing, gold or gem accents, a soft glow around it. It has to be recognisable at 60px on a tile next to 4 relatives, so keep the silhouette simple and distinct. cartoon mobile merge-game asset, Travel Town / Merge Mansion style, 3/4 view from slightly above as if sitting on a table, thick dark warm-brown outline, soft baked lighting from the upper left, glossy highlight on the top surface, saturated friendly palette, subtle contact shadow under the object, centred, filling about 80% of the frame, transparent background, no text, no border, clean vector-painted finish, 512x512"
"src/sprites/items/silverore.png","item","Silver Ore","Silver Lode (Crater Camp)","Silver Ore — a pale silver ore chunk with veins. Step 1 of 5 in the ""Silver Lode"" merge chain, so it must read as the smallest, plainest thing in its chain — tiny, humble, no decoration. It has to be recognisable at 60px on a tile next to 4 relatives, so keep the silhouette simple and distinct. cartoon mobile merge-game asset, Travel Town / Merge Mansion style, 3/4 view from slightly above as if sitting on a table, thick dark warm-brown outline, soft baked lighting from the upper left, glossy highlight on the top surface, saturated friendly palette, subtle contact shadow under the object, centred, filling about 80% of the frame, transparent background, no text, no border, clean vector-painted finish, 512x512"
"src/sprites/items/silvernug.png","item","Silver Nugget","Silver Lode (Crater Camp)","Silver Nugget — a pale silver smooth pebble. Step 2 of 5 in the ""Silver Lode"" merge chain, so it must read as a step up: a little bigger, a little tidier. It has to be recognisable at 60px on a tile next to 4 relatives, so keep the silhouette simple and distinct. cartoon mobile merge-game asset, Travel Town / Merge Mansion style, 3/4 view from slightly above as if sitting on a table, thick dark warm-brown outline, soft baked lighting from the upper left, glossy highlight on the top surface, saturated friendly palette, subtle contact shadow under the object, centred, filling about 80% of the frame, transparent background, no text, no border, clean vector-painted finish, 512x512"
"src/sprites/items/silveringot.png","item","Silver Ingot","Silver Lode (Crater Camp)","Silver Ingot — a pale silver metal ingot. Step 3 of 5 in the ""Silver Lode"" merge chain, so it must read as clearly made, not found: neat shape, one small metal or painted detail. It has to be recognisable at 60px on a tile next to 4 relatives, so keep the silhouette simple and distinct. cartoon mobile merge-game asset, Travel Town / Merge Mansion style, 3/4 view from slightly above as if sitting on a table, thick dark warm-brown outline, soft baked lighting from the upper left, glossy highlight on the top surface, saturated friendly palette, subtle contact shadow under the object, centred, filling about 80% of the frame, transparent background, no text, no border, clean vector-painted finish, 512x512"
"src/sprites/items/silvercup.png","item","Silver Chalice","Silver Lode (Crater Camp)","Silver Chalice — a pale silver clay pot, with violet amethyst accents. Step 4 of 5 in the ""Silver Lode"" merge chain, so it must read as handsome: richer colour, a trim or a band, a faint sheen. It has to be recognisable at 60px on a tile next to 4 relatives, so keep the silhouette simple and distinct. cartoon mobile merge-game asset, Travel Town / Merge Mansion style, 3/4 view from slightly above as if sitting on a table, thick dark warm-brown outline, soft baked lighting from the upper left, glossy highlight on the top surface, saturated friendly palette, subtle contact shadow under the object, centred, filling about 80% of the frame, transparent background, no text, no border, clean vector-painted finish, 512x512"
"src/sprites/items/silvercrown.png","item","Silver Crown","Silver Lode (Crater Camp)","Silver Crown — a pale silver jewelled crown, with pale lilac moonstone accents. Step 5 of 5 in the ""Silver Lode"" merge chain, so it must read as precious: fine detailing, gold or gem accents, a soft glow around it. It has to be recognisable at 60px on a tile next to 4 relatives, so keep the silhouette simple and distinct. cartoon mobile merge-game asset, Travel Town / Merge Mansion style, 3/4 view from slightly above as if sitting on a table, thick dark warm-brown outline, soft baked lighting from the upper left, glossy highlight on the top surface, saturated friendly palette, subtle contact shadow under the object, centred, filling about 80% of the frame, transparent background, no text, no border, clean vector-painted finish, 512x512"
"src/sprites/items/cometdust.png","item","Comet Dust","Comet Trail (Crater Camp)","Comet Dust — a dusky violet smooth pebble. Step 1 of 5 in the ""Comet Trail"" merge chain, so it must read as the smallest, plainest thing in its chain — tiny, humble, no decoration. It has to be recognisable at 60px on a tile next to 4 relatives, so keep the silhouette simple and distinct. cartoon mobile merge-game asset, Travel Town / Merge Mansion style, 3/4 view from slightly above as if sitting on a table, thick dark warm-brown outline, soft baked lighting from the upper left, glossy highlight on the top surface, saturated friendly palette, subtle contact shadow under the object, centred, filling about 80% of the frame, transparent background, no text, no border, clean vector-painted finish, 512x512"
"src/sprites/items/cometice.png","item","Comet Ice","Comet Trail (Crater Camp)","Comet Ice — a white frost ice shard, with dusky violet accents. Step 2 of 5 in the ""Comet Trail"" merge chain, so it must read as a step up: a little bigger, a little tidier. It has to be recognisable at 60px on a tile next to 4 relatives, so keep the silhouette simple and distinct. cartoon mobile merge-game asset, Travel Town / Merge Mansion style, 3/4 view from slightly above as if sitting on a table, thick dark warm-brown outline, soft baked lighting from the upper left, glossy highlight on the top surface, saturated friendly palette, subtle contact shadow under the object, centred, filling about 80% of the frame, transparent background, no text, no border, clean vector-painted finish, 512x512"
"src/sprites/items/cometcore.png","item","Comet Core","Comet Trail (Crater Camp)","Comet Core — a golden starlight comet with a tail, with rich gold accents. Step 3 of 5 in the ""Comet Trail"" merge chain, so it must read as clearly made, not found: neat shape, one small metal or painted detail. It has to be recognisable at 60px on a tile next to 4 relatives, so keep the silhouette simple and distinct. cartoon mobile merge-game asset, Travel Town / Merge Mansion style, 3/4 view from slightly above as if sitting on a table, thick dark warm-brown outline, soft baked lighting from the upper left, glossy highlight on the top surface, saturated friendly palette, subtle contact shadow under the object, centred, filling about 80% of the frame, transparent background, no text, no border, clean vector-painted finish, 512x512"
"src/sprites/items/cometstone.png","item","Comet Stone","Comet Trail (Crater Camp)","Comet Stone — a dusky violet big boulder, with golden starlight accents. Step 4 of 5 in the ""Comet Trail"" merge chain, so it must read as handsome: richer colour, a trim or a band, a faint sheen. It has to be recognisable at 60px on a tile next to 4 relatives, so keep the silhouette simple and distinct. cartoon mobile merge-game asset, Travel Town / Merge Mansion style, 3/4 view from slightly above as if sitting on a table, thick dark warm-brown outline, soft baked lighting from the upper left, glossy highlight on the top surface, saturated friendly palette, subtle contact shadow under the object, centred, filling about 80% of the frame, transparent background, no text, no border, clean vector-painted finish, 512x512"
"src/sprites/items/cometheart.png","item","Comet Heart","Comet Trail (Crater Camp)","Comet Heart — a golden starlight little ringed planet, with teal-green aurora glow accents. Step 5 of 5 in the ""Comet Trail"" merge chain, so it must read as precious: fine detailing, gold or gem accents, a soft glow around it. It has to be recognisable at 60px on a tile next to 4 relatives, so keep the silhouette simple and distinct. cartoon mobile merge-game asset, Travel Town / Merge Mansion style, 3/4 view from slightly above as if sitting on a table, thick dark warm-brown outline, soft baked lighting from the upper left, glossy highlight on the top surface, saturated friendly palette, subtle contact shadow under the object, centred, filling about 80% of the frame, transparent background, no text, no border, clean vector-painted finish, 512x512"
"src/sprites/items/mothegg.png","item","Moth Egg","Crater Wings (Crater Camp)","Moth Egg — a pale lilac moonstone speckled egg, with violet spore accents. Step 1 of 5 in the ""Crater Wings"" merge chain, so it must read as the smallest, plainest thing in its chain — tiny, humble, no decoration. It has to be recognisable at 60px on a tile next to 4 relatives, so keep the silhouette simple and distinct. cartoon mobile merge-game asset, Travel Town / Merge Mansion style, 3/4 view from slightly above as if sitting on a table, thick dark warm-brown outline, soft baked lighting from the upper left, glossy highlight on the top surface, saturated friendly palette, subtle contact shadow under the object, centred, filling about 80% of the frame, transparent background, no text, no border, clean vector-painted finish, 512x512"
"src/sprites/items/mothcocoon.png","item","Silk Cocoon","Crater Wings (Crater Camp)","Silk Cocoon — a pale cream silk cocoon, with pale lilac moonstone accents. Step 2 of 5 in the ""Crater Wings"" merge chain, so it must read as a step up: a little bigger, a little tidier. It has to be recognisable at 60px on a tile next to 4 relatives, so keep the silhouette simple and distinct. cartoon mobile merge-game asset, Travel Town / Merge Mansion style, 3/4 view from slightly above as if sitting on a table, thick dark warm-brown outline, soft baked lighting from the upper left, glossy highlight on the top surface, saturated friendly palette, subtle contact shadow under the object, centred, filling about 80% of the frame, transparent background, no text, no border, clean vector-painted finish, 512x512"
"src/sprites/items/lunamothi.png","item","Luna Moth","Crater Wings (Crater Camp)","Luna Moth — a mint green butterfly, with pale lilac moonstone accents. Step 3 of 5 in the ""Crater Wings"" merge chain, so it must read as clearly made, not found: neat shape, one small metal or painted detail. It has to be recognisable at 60px on a tile next to 4 relatives, so keep the silhouette simple and distinct. cartoon mobile merge-game asset, Travel Town / Merge Mansion style, 3/4 view from slightly above as if sitting on a table, thick dark warm-brown outline, soft baked lighting from the upper left, glossy highlight on the top surface, saturated friendly palette, subtle contact shadow under the object, centred, filling about 80% of the frame, transparent background, no text, no border, clean vector-painted finish, 512x512"
"src/sprites/items/moonmoth.png","item","Moon Moth","Crater Wings (Crater Camp)","Moon Moth — a teal-green aurora glow butterfly, with golden starlight accents. Step 4 of 5 in the ""Crater Wings"" merge chain, so it must read as handsome: richer colour, a trim or a band, a faint sheen. It has to be recognisable at 60px on a tile next to 4 relatives, so keep the silhouette simple and distinct. cartoon mobile merge-game asset, Travel Town / Merge Mansion style, 3/4 view from slightly above as if sitting on a table, thick dark warm-brown outline, soft baked lighting from the upper left, glossy highlight on the top surface, saturated friendly palette, subtle contact shadow under the object, centred, filling about 80% of the frame, transparent background, no text, no border, clean vector-painted finish, 512x512"
"src/sprites/items/craterheart.png","item","Crater Heart","Crater Wings (Crater Camp)","Crater Heart — a pale lilac moonstone little ringed planet, with soft cyan glow accents. Step 5 of 5 in the ""Crater Wings"" merge chain, so it must read as precious: fine detailing, gold or gem accents, a soft glow around it. It has to be recognisable at 60px on a tile next to 4 relatives, so keep the silhouette simple and distinct. cartoon mobile merge-game asset, Travel Town / Merge Mansion style, 3/4 view from slightly above as if sitting on a table, thick dark warm-brown outline, soft baked lighting from the upper left, glossy highlight on the top surface, saturated friendly palette, subtle contact shadow under the object, centred, filling about 80% of the frame, transparent background, no text, no border, clean vector-painted finish, 512x512"
"src/sprites/items/ember.png","item","Ember","Magma Works (Ember Hollow)","Ember — a red-orange ember glowing ember. Step 1 of 6 in the ""Magma Works"" merge chain, so it must read as the smallest, plainest thing in its chain — tiny, humble, no decoration. It has to be recognisable at 60px on a tile next to 5 relatives, so keep the silhouette simple and distinct. cartoon mobile merge-game asset, Travel Town / Merge Mansion style, 3/4 view from slightly above as if sitting on a table, thick dark warm-brown outline, soft baked lighting from the upper left, glossy highlight on the top surface, saturated friendly palette, subtle contact shadow under the object, centred, filling about 80% of the frame, transparent background, no text, no border, clean vector-painted finish, 512x512"
"src/sprites/items/cinder.png","item","Cinder","Magma Works (Ember Hollow)","Cinder — a grey smoke lump of coal, with red-orange ember accents. Step 2 of 6 in the ""Magma Works"" merge chain, so it must read as a step up: a little bigger, a little tidier. It has to be recognisable at 60px on a tile next to 5 relatives, so keep the silhouette simple and distinct. cartoon mobile merge-game asset, Travel Town / Merge Mansion style, 3/4 view from slightly above as if sitting on a table, thick dark warm-brown outline, soft baked lighting from the upper left, glossy highlight on the top surface, saturated friendly palette, subtle contact shadow under the object, centred, filling about 80% of the frame, transparent background, no text, no border, clean vector-painted finish, 512x512"
"src/sprites/items/lavablob.png","item","Lava Blob","Magma Works (Ember Hollow)","Lava Blob — a molten red magma blob of slime, with orange flame accents. Step 3 of 6 in the ""Magma Works"" merge chain, so it must read as clearly made, not found: neat shape, one small metal or painted detail. It has to be recognisable at 60px on a tile next to 5 relatives, so keep the silhouette simple and distinct. cartoon mobile merge-game asset, Travel Town / Merge Mansion style, 3/4 view from slightly above as if sitting on a table, thick dark warm-brown outline, soft baked lighting from the upper left, glossy highlight on the top surface, saturated friendly palette, subtle contact shadow under the object, centred, filling about 80% of the frame, transparent background, no text, no border, clean vector-painted finish, 512x512"
"src/sprites/items/fireopal.png","item","Fire Opal","Magma Works (Ember Hollow)","Fire Opal — a orange flame cut gemstone, with rich gold accents. Step 4 of 6 in the ""Magma Works"" merge chain, so it must read as handsome: richer colour, a trim or a band, a faint sheen. It has to be recognisable at 60px on a tile next to 5 relatives, so keep the silhouette simple and distinct. cartoon mobile merge-game asset, Travel Town / Merge Mansion style, 3/4 view from slightly above as if sitting on a table, thick dark warm-brown outline, soft baked lighting from the upper left, glossy highlight on the top surface, saturated friendly palette, subtle contact shadow under the object, centred, filling about 80% of the frame, transparent background, no text, no border, clean vector-painted finish, 512x512"
"src/sprites/items/suncore.png","item","Sun Core","Magma Works (Ember Hollow)","Sun Core — a orange flame polished orb, with rich gold accents. Step 5 of 6 in the ""Magma Works"" merge chain, so it must read as precious: fine detailing, gold or gem accents, a soft glow around it. It has to be recognisable at 60px on a tile next to 5 relatives, so keep the silhouette simple and distinct. cartoon mobile merge-game asset, Travel Town / Merge Mansion style, 3/4 view from slightly above as if sitting on a table, thick dark warm-brown outline, soft baked lighting from the upper left, glossy highlight on the top surface, saturated friendly palette, subtle contact shadow under the object, centred, filling about 80% of the frame, transparent background, no text, no border, clean vector-painted finish, 512x512"
"src/sprites/items/sunforge.png","item","Sun Forge","Magma Works (Ember Hollow)","Sun Forge — a near-black purple obsidian anvil, with orange flame accents. Step 6 of 6 in the ""Magma Works"" merge chain, so it must read as a showpiece: ornate, glowing, floating motes of light. It has to be recognisable at 60px on a tile next to 5 relatives, so keep the silhouette simple and distinct. cartoon mobile merge-game asset, Travel Town / Merge Mansion style, 3/4 view from slightly above as if sitting on a table, thick dark warm-brown outline, soft baked lighting from the upper left, glossy highlight on the top surface, saturated friendly palette, subtle contact shadow under the object, centred, filling about 80% of the frame, transparent background, no text, no border, clean vector-painted finish, 512x512"
"src/sprites/items/sporecap.png","item","Ash Spore","Ash Garden (Ember Hollow)","Ash Spore — a grey smoke plump seed. Step 1 of 6 in the ""Ash Garden"" merge chain, so it must read as the smallest, plainest thing in its chain — tiny, humble, no decoration. It has to be recognisable at 60px on a tile next to 5 relatives, so keep the silhouette simple and distinct. cartoon mobile merge-game asset, Travel Town / Merge Mansion style, 3/4 view from slightly above as if sitting on a table, thick dark warm-brown outline, soft baked lighting from the upper left, glossy highlight on the top surface, saturated friendly palette, subtle contact shadow under the object, centred, filling about 80% of the frame, transparent background, no text, no border, clean vector-painted finish, 512x512"
"src/sprites/items/ashroom.png","item","Ash Shroom","Ash Garden (Ember Hollow)","Ash Shroom — a grey smoke toadstool, with red-orange ember accents. Step 2 of 6 in the ""Ash Garden"" merge chain, so it must read as a step up: a little bigger, a little tidier. It has to be recognisable at 60px on a tile next to 5 relatives, so keep the silhouette simple and distinct. cartoon mobile merge-game asset, Travel Town / Merge Mansion style, 3/4 view from slightly above as if sitting on a table, thick dark warm-brown outline, soft baked lighting from the upper left, glossy highlight on the top surface, saturated friendly palette, subtle contact shadow under the object, centred, filling about 80% of the frame, transparent background, no text, no border, clean vector-painted finish, 512x512"
"src/sprites/items/bigshroom.png","item","Great Shroom","Ash Garden (Ember Hollow)","Great Shroom — a salmon fungus toadstool, with orange flame accents. Step 3 of 6 in the ""Ash Garden"" merge chain, so it must read as clearly made, not found: neat shape, one small metal or painted detail. It has to be recognisable at 60px on a tile next to 5 relatives, so keep the silhouette simple and distinct. cartoon mobile merge-game asset, Travel Town / Merge Mansion style, 3/4 view from slightly above as if sitting on a table, thick dark warm-brown outline, soft baked lighting from the upper left, glossy highlight on the top surface, saturated friendly palette, subtle contact shadow under the object, centred, filling about 80% of the frame, transparent background, no text, no border, clean vector-painted finish, 512x512"
"src/sprites/items/glowcap.png","item","Glow Cap","Ash Garden (Ember Hollow)","Glow Cap — a red-orange ember toadstool, with soft cyan glow accents. Step 4 of 6 in the ""Ash Garden"" merge chain, so it must read as handsome: richer colour, a trim or a band, a faint sheen. It has to be recognisable at 60px on a tile next to 5 relatives, so keep the silhouette simple and distinct. cartoon mobile merge-game asset, Travel Town / Merge Mansion style, 3/4 view from slightly above as if sitting on a table, thick dark warm-brown outline, soft baked lighting from the upper left, glossy highlight on the top surface, saturated friendly palette, subtle contact shadow under the object, centred, filling about 80% of the frame, transparent background, no text, no border, clean vector-painted finish, 512x512"
"src/sprites/items/shroomtree.png","item","Shroom Tree","Ash Garden (Ember Hollow)","Shroom Tree — a salmon fungus round-crowned tree, with red-orange ember accents. Step 5 of 6 in the ""Ash Garden"" merge chain, so it must read as precious: fine detailing, gold or gem accents, a soft glow around it. It has to be recognisable at 60px on a tile next to 5 relatives, so keep the silhouette simple and distinct. cartoon mobile merge-game asset, Travel Town / Merge Mansion style, 3/4 view from slightly above as if sitting on a table, thick dark warm-brown outline, soft baked lighting from the upper left, glossy highlight on the top surface, saturated friendly palette, subtle contact shadow under the object, centred, filling about 80% of the frame, transparent background, no text, no border, clean vector-painted finish, 512x512"
"src/sprites/items/shroomcity.png","item","Shroom Hollow","Ash Garden (Ember Hollow)","Shroom Hollow — a salmon fungus little house, with soft cyan glow accents. Step 6 of 6 in the ""Ash Garden"" merge chain, so it must read as a showpiece: ornate, glowing, floating motes of light. It has to be recognisable at 60px on a tile next to 5 relatives, so keep the silhouette simple and distinct. cartoon mobile merge-game asset, Travel Town / Merge Mansion style, 3/4 view from slightly above as if sitting on a table, thick dark warm-brown outline, soft baked lighting from the upper left, glossy highlight on the top surface, saturated friendly palette, subtle contact shadow under the object, centred, filling about 80% of the frame, transparent background, no text, no border, clean vector-painted finish, 512x512"
"src/sprites/items/ironore.png","item","Iron Ore","Iron Forge (Ember Hollow)","Iron Ore — a dull iron ore chunk with veins. Step 1 of 5 in the ""Iron Forge"" merge chain, so it must read as the smallest, plainest thing in its chain — tiny, humble, no decoration. It has to be recognisable at 60px on a tile next to 4 relatives, so keep the silhouette simple and distinct. cartoon mobile merge-game asset, Travel Town / Merge Mansion style, 3/4 view from slightly above as if sitting on a table, thick dark warm-brown outline, soft baked lighting from the upper left, glossy highlight on the top surface, saturated friendly palette, subtle contact shadow under the object, centred, filling about 80% of the frame, transparent background, no text, no border, clean vector-painted finish, 512x512"
"src/sprites/items/ironnug.png","item","Iron Nugget","Iron Forge (Ember Hollow)","Iron Nugget — a dull iron smooth pebble. Step 2 of 5 in the ""Iron Forge"" merge chain, so it must read as a step up: a little bigger, a little tidier. It has to be recognisable at 60px on a tile next to 4 relatives, so keep the silhouette simple and distinct. cartoon mobile merge-game asset, Travel Town / Merge Mansion style, 3/4 view from slightly above as if sitting on a table, thick dark warm-brown outline, soft baked lighting from the upper left, glossy highlight on the top surface, saturated friendly palette, subtle contact shadow under the object, centred, filling about 80% of the frame, transparent background, no text, no border, clean vector-painted finish, 512x512"
"src/sprites/items/ironingot.png","item","Iron Ingot","Iron Forge (Ember Hollow)","Iron Ingot — a dull iron metal ingot. Step 3 of 5 in the ""Iron Forge"" merge chain, so it must read as clearly made, not found: neat shape, one small metal or painted detail. It has to be recognisable at 60px on a tile next to 4 relatives, so keep the silhouette simple and distinct. cartoon mobile merge-game asset, Travel Town / Merge Mansion style, 3/4 view from slightly above as if sitting on a table, thick dark warm-brown outline, soft baked lighting from the upper left, glossy highlight on the top surface, saturated friendly palette, subtle contact shadow under the object, centred, filling about 80% of the frame, transparent background, no text, no border, clean vector-painted finish, 512x512"
"src/sprites/items/ironanvil.png","item","Anvil","Iron Forge (Ember Hollow)","Anvil — a bright polished steel anvil, with dull iron accents. Step 4 of 5 in the ""Iron Forge"" merge chain, so it must read as handsome: richer colour, a trim or a band, a faint sheen. It has to be recognisable at 60px on a tile next to 4 relatives, so keep the silhouette simple and distinct. cartoon mobile merge-game asset, Travel Town / Merge Mansion style, 3/4 view from slightly above as if sitting on a table, thick dark warm-brown outline, soft baked lighting from the upper left, glossy highlight on the top surface, saturated friendly palette, subtle contact shadow under the object, centred, filling about 80% of the frame, transparent background, no text, no border, clean vector-painted finish, 512x512"
"src/sprites/items/ironcrown.png","item","Iron Crown","Iron Forge (Ember Hollow)","Iron Crown — a bright polished steel jewelled crown, with rusty orange-brown accents. Step 5 of 5 in the ""Iron Forge"" merge chain, so it must read as precious: fine detailing, gold or gem accents, a soft glow around it. It has to be recognisable at 60px on a tile next to 4 relatives, so keep the silhouette simple and distinct. cartoon mobile merge-game asset, Travel Town / Merge Mansion style, 3/4 view from slightly above as if sitting on a table, thick dark warm-brown outline, soft baked lighting from the upper left, glossy highlight on the top surface, saturated friendly palette, subtle contact shadow under the object, centred, filling about 80% of the frame, transparent background, no text, no border, clean vector-painted finish, 512x512"
"src/sprites/items/obchip.png","item","Obsidian Chip","Obsidian Cut (Ember Hollow)","Obsidian Chip — a near-black purple obsidian smooth pebble. Step 1 of 5 in the ""Obsidian Cut"" merge chain, so it must read as the smallest, plainest thing in its chain — tiny, humble, no decoration. It has to be recognisable at 60px on a tile next to 4 relatives, so keep the silhouette simple and distinct. cartoon mobile merge-game asset, Travel Town / Merge Mansion style, 3/4 view from slightly above as if sitting on a table, thick dark warm-brown outline, soft baked lighting from the upper left, glossy highlight on the top surface, saturated friendly palette, subtle contact shadow under the object, centred, filling about 80% of the frame, transparent background, no text, no border, clean vector-painted finish, 512x512"
"src/sprites/items/obshard.png","item","Obsidian Shard","Obsidian Cut (Ember Hollow)","Obsidian Shard — a near-black purple obsidian faceted crystal shard, with dusky violet accents. Step 2 of 5 in the ""Obsidian Cut"" merge chain, so it must read as a step up: a little bigger, a little tidier. It has to be recognisable at 60px on a tile next to 4 relatives, so keep the silhouette simple and distinct. cartoon mobile merge-game asset, Travel Town / Merge Mansion style, 3/4 view from slightly above as if sitting on a table, thick dark warm-brown outline, soft baked lighting from the upper left, glossy highlight on the top surface, saturated friendly palette, subtle contact shadow under the object, centred, filling about 80% of the frame, transparent background, no text, no border, clean vector-painted finish, 512x512"
"src/sprites/items/obblade.png","item","Obsidian Blade","Obsidian Cut (Ember Hollow)","Obsidian Blade — a near-black purple obsidian glass prism, with red-orange ember accents. Step 3 of 5 in the ""Obsidian Cut"" merge chain, so it must read as clearly made, not found: neat shape, one small metal or painted detail. It has to be recognisable at 60px on a tile next to 4 relatives, so keep the silhouette simple and distinct. cartoon mobile merge-game asset, Travel Town / Merge Mansion style, 3/4 view from slightly above as if sitting on a table, thick dark warm-brown outline, soft baked lighting from the upper left, glossy highlight on the top surface, saturated friendly palette, subtle contact shadow under the object, centred, filling about 80% of the frame, transparent background, no text, no border, clean vector-painted finish, 512x512"
"src/sprites/items/obmirror.png","item","Dark Mirror","Obsidian Cut (Ember Hollow)","Dark Mirror — a near-black purple obsidian jewelled ring, with pale silver accents. Step 4 of 5 in the ""Obsidian Cut"" merge chain, so it must read as handsome: richer colour, a trim or a band, a faint sheen. It has to be recognisable at 60px on a tile next to 4 relatives, so keep the silhouette simple and distinct. cartoon mobile merge-game asset, Travel Town / Merge Mansion style, 3/4 view from slightly above as if sitting on a table, thick dark warm-brown outline, soft baked lighting from the upper left, glossy highlight on the top surface, saturated friendly palette, subtle contact shadow under the object, centred, filling about 80% of the frame, transparent background, no text, no border, clean vector-painted finish, 512x512"
"src/sprites/items/obthrone.png","item","Obsidian Throne","Obsidian Cut (Ember Hollow)","Obsidian Throne — a near-black purple obsidian stone arch, with rich gold accents. Step 5 of 5 in the ""Obsidian Cut"" merge chain, so it must read as precious: fine detailing, gold or gem accents, a soft glow around it. It has to be recognisable at 60px on a tile next to 4 relatives, so keep the silhouette simple and distinct. cartoon mobile merge-game asset, Travel Town / Merge Mansion style, 3/4 view from slightly above as if sitting on a table, thick dark warm-brown outline, soft baked lighting from the upper left, glossy highlight on the top surface, saturated friendly palette, subtle contact shadow under the object, centred, filling about 80% of the frame, transparent background, no text, no border, clean vector-painted finish, 512x512"
"src/sprites/items/sandpinch.png","item","Hot Sand","Glassworks (Ember Hollow)","Hot Sand — a warm sand smooth pebble. Step 1 of 5 in the ""Glassworks"" merge chain, so it must read as the smallest, plainest thing in its chain — tiny, humble, no decoration. It has to be recognisable at 60px on a tile next to 4 relatives, so keep the silhouette simple and distinct. cartoon mobile merge-game asset, Travel Town / Merge Mansion style, 3/4 view from slightly above as if sitting on a table, thick dark warm-brown outline, soft baked lighting from the upper left, glossy highlight on the top surface, saturated friendly palette, subtle contact shadow under the object, centred, filling about 80% of the frame, transparent background, no text, no border, clean vector-painted finish, 512x512"
"src/sprites/items/moltenglass.png","item","Molten Glass","Glassworks (Ember Hollow)","Molten Glass — a pale blue glass blob of slime, with orange flame accents. Step 2 of 5 in the ""Glassworks"" merge chain, so it must read as a step up: a little bigger, a little tidier. It has to be recognisable at 60px on a tile next to 4 relatives, so keep the silhouette simple and distinct. cartoon mobile merge-game asset, Travel Town / Merge Mansion style, 3/4 view from slightly above as if sitting on a table, thick dark warm-brown outline, soft baked lighting from the upper left, glossy highlight on the top surface, saturated friendly palette, subtle contact shadow under the object, centred, filling about 80% of the frame, transparent background, no text, no border, clean vector-painted finish, 512x512"
"src/sprites/items/glassbead.png","item","Glass Bead","Glassworks (Ember Hollow)","Glass Bead — a pale blue glass pearl in a shell, with teal-green aurora glow accents. Step 3 of 5 in the ""Glassworks"" merge chain, so it must read as clearly made, not found: neat shape, one small metal or painted detail. It has to be recognisable at 60px on a tile next to 4 relatives, so keep the silhouette simple and distinct. cartoon mobile merge-game asset, Travel Town / Merge Mansion style, 3/4 view from slightly above as if sitting on a table, thick dark warm-brown outline, soft baked lighting from the upper left, glossy highlight on the top surface, saturated friendly palette, subtle contact shadow under the object, centred, filling about 80% of the frame, transparent background, no text, no border, clean vector-painted finish, 512x512"
"src/sprites/items/glassvase.png","item","Glass Vase","Glassworks (Ember Hollow)","Glass Vase — a pale blue glass corked bottle, with mint green accents. Step 4 of 5 in the ""Glassworks"" merge chain, so it must read as handsome: richer colour, a trim or a band, a faint sheen. It has to be recognisable at 60px on a tile next to 4 relatives, so keep the silhouette simple and distinct. cartoon mobile merge-game asset, Travel Town / Merge Mansion style, 3/4 view from slightly above as if sitting on a table, thick dark warm-brown outline, soft baked lighting from the upper left, glossy highlight on the top surface, saturated friendly palette, subtle contact shadow under the object, centred, filling about 80% of the frame, transparent background, no text, no border, clean vector-painted finish, 512x512"
"src/sprites/items/glasslily.png","item","Glass Lily","Glassworks (Ember Hollow)","Glass Lily — a pale blue glass five-petal flower, with teal-green aurora glow accents. Step 5 of 5 in the ""Glassworks"" merge chain, so it must read as precious: fine detailing, gold or gem accents, a soft glow around it. It has to be recognisable at 60px on a tile next to 4 relatives, so keep the silhouette simple and distinct. cartoon mobile merge-game asset, Travel Town / Merge Mansion style, 3/4 view from slightly above as if sitting on a table, thick dark warm-brown outline, soft baked lighting from the upper left, glossy highlight on the top surface, saturated friendly palette, subtle contact shadow under the object, centred, filling about 80% of the frame, transparent background, no text, no border, clean vector-painted finish, 512x512"
"src/sprites/items/coallump.png","item","Coal Lump","The Smithy (Ember Hollow)","Coal Lump — a charcoal black lump of coal. Step 1 of 5 in the ""The Smithy"" merge chain, so it must read as the smallest, plainest thing in its chain — tiny, humble, no decoration. It has to be recognisable at 60px on a tile next to 4 relatives, so keep the silhouette simple and distinct. cartoon mobile merge-game asset, Travel Town / Merge Mansion style, 3/4 view from slightly above as if sitting on a table, thick dark warm-brown outline, soft baked lighting from the upper left, glossy highlight on the top surface, saturated friendly palette, subtle contact shadow under the object, centred, filling about 80% of the frame, transparent background, no text, no border, clean vector-painted finish, 512x512"
"src/sprites/items/coalbrick.png","item","Coal Brick","The Smithy (Ember Hollow)","Coal Brick — a charcoal black stack of planks, with grey smoke accents. Step 2 of 5 in the ""The Smithy"" merge chain, so it must read as a step up: a little bigger, a little tidier. It has to be recognisable at 60px on a tile next to 4 relatives, so keep the silhouette simple and distinct. cartoon mobile merge-game asset, Travel Town / Merge Mansion style, 3/4 view from slightly above as if sitting on a table, thick dark warm-brown outline, soft baked lighting from the upper left, glossy highlight on the top surface, saturated friendly palette, subtle contact shadow under the object, centred, filling about 80% of the frame, transparent background, no text, no border, clean vector-painted finish, 512x512"
"src/sprites/items/forgefire.png","item","Forge Fire","The Smithy (Ember Hollow)","Forge Fire — a orange flame flame, with red-orange ember accents. Step 3 of 5 in the ""The Smithy"" merge chain, so it must read as clearly made, not found: neat shape, one small metal or painted detail. It has to be recognisable at 60px on a tile next to 4 relatives, so keep the silhouette simple and distinct. cartoon mobile merge-game asset, Travel Town / Merge Mansion style, 3/4 view from slightly above as if sitting on a table, thick dark warm-brown outline, soft baked lighting from the upper left, glossy highlight on the top surface, saturated friendly palette, subtle contact shadow under the object, centred, filling about 80% of the frame, transparent background, no text, no border, clean vector-painted finish, 512x512"
"src/sprites/items/bellows.png","item","Bellows","The Smithy (Ember Hollow)","Bellows — a dark rough bark tied sack, with warm copper accents. Step 4 of 5 in the ""The Smithy"" merge chain, so it must read as handsome: richer colour, a trim or a band, a faint sheen. It has to be recognisable at 60px on a tile next to 4 relatives, so keep the silhouette simple and distinct. cartoon mobile merge-game asset, Travel Town / Merge Mansion style, 3/4 view from slightly above as if sitting on a table, thick dark warm-brown outline, soft baked lighting from the upper left, glossy highlight on the top surface, saturated friendly palette, subtle contact shadow under the object, centred, filling about 80% of the frame, transparent background, no text, no border, clean vector-painted finish, 512x512"
"src/sprites/items/greatforge.png","item","Great Forge","The Smithy (Ember Hollow)","Great Forge — a dull iron little house, with orange flame accents. Step 5 of 5 in the ""The Smithy"" merge chain, so it must read as precious: fine detailing, gold or gem accents, a soft glow around it. It has to be recognisable at 60px on a tile next to 4 relatives, so keep the silhouette simple and distinct. cartoon mobile merge-game asset, Travel Town / Merge Mansion style, 3/4 view from slightly above as if sitting on a table, thick dark warm-brown outline, soft baked lighting from the upper left, glossy highlight on the top surface, saturated friendly palette, subtle contact shadow under the object, centred, filling about 80% of the frame, transparent background, no text, no border, clean vector-painted finish, 512x512"
"src/sprites/items/pepperpod.png","item","Pepper Pod","Spice Kiln (Ember Hollow)","Pepper Pod — a rusty orange-brown plump seed. Step 1 of 5 in the ""Spice Kiln"" merge chain, so it must read as the smallest, plainest thing in its chain — tiny, humble, no decoration. It has to be recognisable at 60px on a tile next to 4 relatives, so keep the silhouette simple and distinct. cartoon mobile merge-game asset, Travel Town / Merge Mansion style, 3/4 view from slightly above as if sitting on a table, thick dark warm-brown outline, soft baked lighting from the upper left, glossy highlight on the top surface, saturated friendly palette, subtle contact shadow under the object, centred, filling about 80% of the frame, transparent background, no text, no border, clean vector-painted finish, 512x512"
"src/sprites/items/spicepouch.png","item","Spice Pouch","Spice Kiln (Ember Hollow)","Spice Pouch — a terracotta clay tied sack, with orange flame accents. Step 2 of 5 in the ""Spice Kiln"" merge chain, so it must read as a step up: a little bigger, a little tidier. It has to be recognisable at 60px on a tile next to 4 relatives, so keep the silhouette simple and distinct. cartoon mobile merge-game asset, Travel Town / Merge Mansion style, 3/4 view from slightly above as if sitting on a table, thick dark warm-brown outline, soft baked lighting from the upper left, glossy highlight on the top surface, saturated friendly palette, subtle contact shadow under the object, centred, filling about 80% of the frame, transparent background, no text, no border, clean vector-painted finish, 512x512"
"src/sprites/items/spicejar.png","item","Spice Jar","Spice Kiln (Ember Hollow)","Spice Jar — a pale blue glass lidded jar, with rusty orange-brown accents. Step 3 of 5 in the ""Spice Kiln"" merge chain, so it must read as clearly made, not found: neat shape, one small metal or painted detail. It has to be recognisable at 60px on a tile next to 4 relatives, so keep the silhouette simple and distinct. cartoon mobile merge-game asset, Travel Town / Merge Mansion style, 3/4 view from slightly above as if sitting on a table, thick dark warm-brown outline, soft baked lighting from the upper left, glossy highlight on the top surface, saturated friendly palette, subtle contact shadow under the object, centred, filling about 80% of the frame, transparent background, no text, no border, clean vector-painted finish, 512x512"
"src/sprites/items/spicecrate.png","item","Spice Crate","Spice Kiln (Ember Hollow)","Spice Crate — a warm honey-brown wood wooden crate, with orange flame accents. Step 4 of 5 in the ""Spice Kiln"" merge chain, so it must read as handsome: richer colour, a trim or a band, a faint sheen. It has to be recognisable at 60px on a tile next to 4 relatives, so keep the silhouette simple and distinct. cartoon mobile merge-game asset, Travel Town / Merge Mansion style, 3/4 view from slightly above as if sitting on a table, thick dark warm-brown outline, soft baked lighting from the upper left, glossy highlight on the top surface, saturated friendly palette, subtle contact shadow under the object, centred, filling about 80% of the frame, transparent background, no text, no border, clean vector-painted finish, 512x512"
"src/sprites/items/spicefeast.png","item","Ember Feast","Spice Kiln (Ember Hollow)","Ember Feast — a terracotta clay bowl of soup, with orange flame accents. Step 5 of 5 in the ""Spice Kiln"" merge chain, so it must read as precious: fine detailing, gold or gem accents, a soft glow around it. It has to be recognisable at 60px on a tile next to 4 relatives, so keep the silhouette simple and distinct. cartoon mobile merge-game asset, Travel Town / Merge Mansion style, 3/4 view from slightly above as if sitting on a table, thick dark warm-brown outline, soft baked lighting from the upper left, glossy highlight on the top surface, saturated friendly palette, subtle contact shadow under the object, centred, filling about 80% of the frame, transparent background, no text, no border, clean vector-painted finish, 512x512"
"src/sprites/items/copperore.png","item","Copper Ore","Copper Seam (Ember Hollow)","Copper Ore — a warm copper ore chunk with veins. Step 1 of 5 in the ""Copper Seam"" merge chain, so it must read as the smallest, plainest thing in its chain — tiny, humble, no decoration. It has to be recognisable at 60px on a tile next to 4 relatives, so keep the silhouette simple and distinct. cartoon mobile merge-game asset, Travel Town / Merge Mansion style, 3/4 view from slightly above as if sitting on a table, thick dark warm-brown outline, soft baked lighting from the upper left, glossy highlight on the top surface, saturated friendly palette, subtle contact shadow under the object, centred, filling about 80% of the frame, transparent background, no text, no border, clean vector-painted finish, 512x512"
"src/sprites/items/coppernug.png","item","Copper Nugget","Copper Seam (Ember Hollow)","Copper Nugget — a warm copper smooth pebble. Step 2 of 5 in the ""Copper Seam"" merge chain, so it must read as a step up: a little bigger, a little tidier. It has to be recognisable at 60px on a tile next to 4 relatives, so keep the silhouette simple and distinct. cartoon mobile merge-game asset, Travel Town / Merge Mansion style, 3/4 view from slightly above as if sitting on a table, thick dark warm-brown outline, soft baked lighting from the upper left, glossy highlight on the top surface, saturated friendly palette, subtle contact shadow under the object, centred, filling about 80% of the frame, transparent background, no text, no border, clean vector-painted finish, 512x512"
"src/sprites/items/copperingot.png","item","Copper Ingot","Copper Seam (Ember Hollow)","Copper Ingot — a warm copper metal ingot. Step 3 of 5 in the ""Copper Seam"" merge chain, so it must read as clearly made, not found: neat shape, one small metal or painted detail. It has to be recognisable at 60px on a tile next to 4 relatives, so keep the silhouette simple and distinct. cartoon mobile merge-game asset, Travel Town / Merge Mansion style, 3/4 view from slightly above as if sitting on a table, thick dark warm-brown outline, soft baked lighting from the upper left, glossy highlight on the top surface, saturated friendly palette, subtle contact shadow under the object, centred, filling about 80% of the frame, transparent background, no text, no border, clean vector-painted finish, 512x512"
"src/sprites/items/copperbell.png","item","Copper Bell","Copper Seam (Ember Hollow)","Copper Bell — a warm copper hand bell, with rich gold accents. Step 4 of 5 in the ""Copper Seam"" merge chain, so it must read as handsome: richer colour, a trim or a band, a faint sheen. It has to be recognisable at 60px on a tile next to 4 relatives, so keep the silhouette simple and distinct. cartoon mobile merge-game asset, Travel Town / Merge Mansion style, 3/4 view from slightly above as if sitting on a table, thick dark warm-brown outline, soft baked lighting from the upper left, glossy highlight on the top surface, saturated friendly palette, subtle contact shadow under the object, centred, filling about 80% of the frame, transparent background, no text, no border, clean vector-painted finish, 512x512"
"src/sprites/items/coppercog.png","item","Great Cog","Copper Seam (Ember Hollow)","Great Cog — a warm copper cog wheel, with rich gold accents. Step 5 of 5 in the ""Copper Seam"" merge chain, so it must read as precious: fine detailing, gold or gem accents, a soft glow around it. It has to be recognisable at 60px on a tile next to 4 relatives, so keep the silhouette simple and distinct. cartoon mobile merge-game asset, Travel Town / Merge Mansion style, 3/4 view from slightly above as if sitting on a table, thick dark warm-brown outline, soft baked lighting from the upper left, glossy highlight on the top surface, saturated friendly palette, subtle contact shadow under the object, centred, filling about 80% of the frame, transparent background, no text, no border, clean vector-painted finish, 512x512"
"src/sprites/items/ashfeather.png","item","Ash Feather","Ashfall Wings (Ember Hollow)","Ash Feather — a grey smoke feather, with red-orange ember accents. Step 1 of 5 in the ""Ashfall Wings"" merge chain, so it must read as the smallest, plainest thing in its chain — tiny, humble, no decoration. It has to be recognisable at 60px on a tile next to 4 relatives, so keep the silhouette simple and distinct. cartoon mobile merge-game asset, Travel Town / Merge Mansion style, 3/4 view from slightly above as if sitting on a table, thick dark warm-brown outline, soft baked lighting from the upper left, glossy highlight on the top surface, saturated friendly palette, subtle contact shadow under the object, centred, filling about 80% of the frame, transparent background, no text, no border, clean vector-painted finish, 512x512"
"src/sprites/items/emberegg.png","item","Ember Egg","Ashfall Wings (Ember Hollow)","Ember Egg — a red-orange ember speckled egg, with rich gold accents. Step 2 of 5 in the ""Ashfall Wings"" merge chain, so it must read as a step up: a little bigger, a little tidier. It has to be recognisable at 60px on a tile next to 4 relatives, so keep the silhouette simple and distinct. cartoon mobile merge-game asset, Travel Town / Merge Mansion style, 3/4 view from slightly above as if sitting on a table, thick dark warm-brown outline, soft baked lighting from the upper left, glossy highlight on the top surface, saturated friendly palette, subtle contact shadow under the object, centred, filling about 80% of the frame, transparent background, no text, no border, clean vector-painted finish, 512x512"
"src/sprites/items/firebird.png","item","Firebird","Ashfall Wings (Ember Hollow)","Firebird — a orange flame round little bird, with rich gold accents. Step 3 of 5 in the ""Ashfall Wings"" merge chain, so it must read as clearly made, not found: neat shape, one small metal or painted detail. It has to be recognisable at 60px on a tile next to 4 relatives, so keep the silhouette simple and distinct. cartoon mobile merge-game asset, Travel Town / Merge Mansion style, 3/4 view from slightly above as if sitting on a table, thick dark warm-brown outline, soft baked lighting from the upper left, glossy highlight on the top surface, saturated friendly palette, subtle contact shadow under the object, centred, filling about 80% of the frame, transparent background, no text, no border, clean vector-painted finish, 512x512"
"src/sprites/items/phoenix.png","item","Phoenix","Ashfall Wings (Ember Hollow)","Phoenix — a rich gold round little bird, with teal-green aurora glow accents. Step 4 of 5 in the ""Ashfall Wings"" merge chain, so it must read as handsome: richer colour, a trim or a band, a faint sheen. It has to be recognisable at 60px on a tile next to 4 relatives, so keep the silhouette simple and distinct. cartoon mobile merge-game asset, Travel Town / Merge Mansion style, 3/4 view from slightly above as if sitting on a table, thick dark warm-brown outline, soft baked lighting from the upper left, glossy highlight on the top surface, saturated friendly palette, subtle contact shadow under the object, centred, filling about 80% of the frame, transparent background, no text, no border, clean vector-painted finish, 512x512"
"src/sprites/items/hollowheart.png","item","Hollow Heart","Ashfall Wings (Ember Hollow)","Hollow Heart — a orange flame polished orb, with soft cyan glow accents. Step 5 of 5 in the ""Ashfall Wings"" merge chain, so it must read as precious: fine detailing, gold or gem accents, a soft glow around it. It has to be recognisable at 60px on a tile next to 4 relatives, so keep the silhouette simple and distinct. cartoon mobile merge-game asset, Travel Town / Merge Mansion style, 3/4 view from slightly above as if sitting on a table, thick dark warm-brown outline, soft baked lighting from the upper left, glossy highlight on the top surface, saturated friendly palette, subtle contact shadow under the object, centred, filling about 80% of the frame, transparent background, no text, no border, clean vector-painted finish, 512x512"
"src/sprites/items/shellchip.png","item","Shell Chip","Shell Bed (Tidal Shallows)","Shell Chip — a pale shell pink smooth pebble. Step 1 of 6 in the ""Shell Bed"" merge chain, so it must read as the smallest, plainest thing in its chain — tiny, humble, no decoration. It has to be recognisable at 60px on a tile next to 5 relatives, so keep the silhouette simple and distinct. cartoon mobile merge-game asset, Travel Town / Merge Mansion style, 3/4 view from slightly above as if sitting on a table, thick dark warm-brown outline, soft baked lighting from the upper left, glossy highlight on the top surface, saturated friendly palette, subtle contact shadow under the object, centred, filling about 80% of the frame, transparent background, no text, no border, clean vector-painted finish, 512x512"
"src/sprites/items/seashell.png","item","Sea Shell","Shell Bed (Tidal Shallows)","Sea Shell — a pale shell pink spiral seashell. Step 2 of 6 in the ""Shell Bed"" merge chain, so it must read as a step up: a little bigger, a little tidier. It has to be recognisable at 60px on a tile next to 5 relatives, so keep the silhouette simple and distinct. cartoon mobile merge-game asset, Travel Town / Merge Mansion style, 3/4 view from slightly above as if sitting on a table, thick dark warm-brown outline, soft baked lighting from the upper left, glossy highlight on the top surface, saturated friendly palette, subtle contact shadow under the object, centred, filling about 80% of the frame, transparent background, no text, no border, clean vector-painted finish, 512x512"
"src/sprites/items/bigshell.png","item","Great Shell","Shell Bed (Tidal Shallows)","Great Shell — a coral pink spiral seashell, with pale cream accents. Step 3 of 6 in the ""Shell Bed"" merge chain, so it must read as clearly made, not found: neat shape, one small metal or painted detail. It has to be recognisable at 60px on a tile next to 5 relatives, so keep the silhouette simple and distinct. cartoon mobile merge-game asset, Travel Town / Merge Mansion style, 3/4 view from slightly above as if sitting on a table, thick dark warm-brown outline, soft baked lighting from the upper left, glossy highlight on the top surface, saturated friendly palette, subtle contact shadow under the object, centred, filling about 80% of the frame, transparent background, no text, no border, clean vector-painted finish, 512x512"
"src/sprites/items/nautilus.png","item","Nautilus","Shell Bed (Tidal Shallows)","Nautilus — a pale cream spiral coil, with coral pink accents. Step 4 of 6 in the ""Shell Bed"" merge chain, so it must read as handsome: richer colour, a trim or a band, a faint sheen. It has to be recognisable at 60px on a tile next to 5 relatives, so keep the silhouette simple and distinct. cartoon mobile merge-game asset, Travel Town / Merge Mansion style, 3/4 view from slightly above as if sitting on a table, thick dark warm-brown outline, soft baked lighting from the upper left, glossy highlight on the top surface, saturated friendly palette, subtle contact shadow under the object, centred, filling about 80% of the frame, transparent background, no text, no border, clean vector-painted finish, 512x512"
"src/sprites/items/shellhorn.png","item","Shell Horn","Shell Bed (Tidal Shallows)","Shell Horn — a pale shell pink hand bell, with rich gold accents. Step 5 of 6 in the ""Shell Bed"" merge chain, so it must read as precious: fine detailing, gold or gem accents, a soft glow around it. It has to be recognisable at 60px on a tile next to 5 relatives, so keep the silhouette simple and distinct. cartoon mobile merge-game asset, Travel Town / Merge Mansion style, 3/4 view from slightly above as if sitting on a table, thick dark warm-brown outline, soft baked lighting from the upper left, glossy highlight on the top surface, saturated friendly palette, subtle contact shadow under the object, centred, filling about 80% of the frame, transparent background, no text, no border, clean vector-painted finish, 512x512"
"src/sprites/items/shellthrone.png","item","Shell Throne","Shell Bed (Tidal Shallows)","Shell Throne — a iridescent pearl white stone arch, with coral pink accents. Step 6 of 6 in the ""Shell Bed"" merge chain, so it must read as a showpiece: ornate, glowing, floating motes of light. It has to be recognisable at 60px on a tile next to 5 relatives, so keep the silhouette simple and distinct. cartoon mobile merge-game asset, Travel Town / Merge Mansion style, 3/4 view from slightly above as if sitting on a table, thick dark warm-brown outline, soft baked lighting from the upper left, glossy highlight on the top surface, saturated friendly palette, subtle contact shadow under the object, centred, filling about 80% of the frame, transparent background, no text, no border, clean vector-painted finish, 512x512"
"src/sprites/items/kelpleaf.png","item","Kelp Leaf","Kelp Forest (Tidal Shallows)","Kelp Leaf — a dark sea green leaf. Step 1 of 6 in the ""Kelp Forest"" merge chain, so it must read as the smallest, plainest thing in its chain — tiny, humble, no decoration. It has to be recognisable at 60px on a tile next to 5 relatives, so keep the silhouette simple and distinct. cartoon mobile merge-game asset, Travel Town / Merge Mansion style, 3/4 view from slightly above as if sitting on a table, thick dark warm-brown outline, soft baked lighting from the upper left, glossy highlight on the top surface, saturated friendly palette, subtle contact shadow under the object, centred, filling about 80% of the frame, transparent background, no text, no border, clean vector-painted finish, 512x512"
"src/sprites/items/kelpfrond.png","item","Kelp Frond","Kelp Forest (Tidal Shallows)","Kelp Frond — a dark sea green fern frond. Step 2 of 6 in the ""Kelp Forest"" merge chain, so it must read as a step up: a little bigger, a little tidier. It has to be recognisable at 60px on a tile next to 5 relatives, so keep the silhouette simple and distinct. cartoon mobile merge-game asset, Travel Town / Merge Mansion style, 3/4 view from slightly above as if sitting on a table, thick dark warm-brown outline, soft baked lighting from the upper left, glossy highlight on the top surface, saturated friendly palette, subtle contact shadow under the object, centred, filling about 80% of the frame, transparent background, no text, no border, clean vector-painted finish, 512x512"
"src/sprites/items/kelpcoil.png","item","Kelp Coil","Kelp Forest (Tidal Shallows)","Kelp Coil — a dark sea green coil of rope, with jade green accents. Step 3 of 6 in the ""Kelp Forest"" merge chain, so it must read as clearly made, not found: neat shape, one small metal or painted detail. It has to be recognisable at 60px on a tile next to 5 relatives, so keep the silhouette simple and distinct. cartoon mobile merge-game asset, Travel Town / Merge Mansion style, 3/4 view from slightly above as if sitting on a table, thick dark warm-brown outline, soft baked lighting from the upper left, glossy highlight on the top surface, saturated friendly palette, subtle contact shadow under the object, centred, filling about 80% of the frame, transparent background, no text, no border, clean vector-painted finish, 512x512"
"src/sprites/items/kelpbale.png","item","Kelp Bale","Kelp Forest (Tidal Shallows)","Kelp Bale — a dark sea green woven basket, with bright moss green accents. Step 4 of 6 in the ""Kelp Forest"" merge chain, so it must read as handsome: richer colour, a trim or a band, a faint sheen. It has to be recognisable at 60px on a tile next to 5 relatives, so keep the silhouette simple and distinct. cartoon mobile merge-game asset, Travel Town / Merge Mansion style, 3/4 view from slightly above as if sitting on a table, thick dark warm-brown outline, soft baked lighting from the upper left, glossy highlight on the top surface, saturated friendly palette, subtle contact shadow under the object, centred, filling about 80% of the frame, transparent background, no text, no border, clean vector-painted finish, 512x512"
"src/sprites/items/kelpgrove.png","item","Kelp Grove","Kelp Forest (Tidal Shallows)","Kelp Grove — a dark sea green round-crowned tree, with jade green accents. Step 5 of 6 in the ""Kelp Forest"" merge chain, so it must read as precious: fine detailing, gold or gem accents, a soft glow around it. It has to be recognisable at 60px on a tile next to 5 relatives, so keep the silhouette simple and distinct. cartoon mobile merge-game asset, Travel Town / Merge Mansion style, 3/4 view from slightly above as if sitting on a table, thick dark warm-brown outline, soft baked lighting from the upper left, glossy highlight on the top surface, saturated friendly palette, subtle contact shadow under the object, centred, filling about 80% of the frame, transparent background, no text, no border, clean vector-painted finish, 512x512"
"src/sprites/items/kelpheart.png","item","Tide Grove","Kelp Forest (Tidal Shallows)","Tide Grove — a dark sea green little house, with soft cyan glow accents. Step 6 of 6 in the ""Kelp Forest"" merge chain, so it must read as a showpiece: ornate, glowing, floating motes of light. It has to be recognisable at 60px on a tile next to 5 relatives, so keep the silhouette simple and distinct. cartoon mobile merge-game asset, Travel Town / Merge Mansion style, 3/4 view from slightly above as if sitting on a table, thick dark warm-brown outline, soft baked lighting from the upper left, glossy highlight on the top surface, saturated friendly palette, subtle contact shadow under the object, centred, filling about 80% of the frame, transparent background, no text, no border, clean vector-painted finish, 512x512"
"src/sprites/items/grit.png","item","Grain of Grit","Pearl Diving (Tidal Shallows)","Grain of Grit — a warm sand smooth pebble. Step 1 of 5 in the ""Pearl Diving"" merge chain, so it must read as the smallest, plainest thing in its chain — tiny, humble, no decoration. It has to be recognisable at 60px on a tile next to 4 relatives, so keep the silhouette simple and distinct. cartoon mobile merge-game asset, Travel Town / Merge Mansion style, 3/4 view from slightly above as if sitting on a table, thick dark warm-brown outline, soft baked lighting from the upper left, glossy highlight on the top surface, saturated friendly palette, subtle contact shadow under the object, centred, filling about 80% of the frame, transparent background, no text, no border, clean vector-painted finish, 512x512"
"src/sprites/items/seedpearl.png","item","Seed Pearl","Pearl Diving (Tidal Shallows)","Seed Pearl — a pale cream pearl in a shell. Step 2 of 5 in the ""Pearl Diving"" merge chain, so it must read as a step up: a little bigger, a little tidier. It has to be recognisable at 60px on a tile next to 4 relatives, so keep the silhouette simple and distinct. cartoon mobile merge-game asset, Travel Town / Merge Mansion style, 3/4 view from slightly above as if sitting on a table, thick dark warm-brown outline, soft baked lighting from the upper left, glossy highlight on the top surface, saturated friendly palette, subtle contact shadow under the object, centred, filling about 80% of the frame, transparent background, no text, no border, clean vector-painted finish, 512x512"
"src/sprites/items/pearl.png","item","Pearl","Pearl Diving (Tidal Shallows)","Pearl — a iridescent pearl white pearl in a shell. Step 3 of 5 in the ""Pearl Diving"" merge chain, so it must read as clearly made, not found: neat shape, one small metal or painted detail. It has to be recognisable at 60px on a tile next to 4 relatives, so keep the silhouette simple and distinct. cartoon mobile merge-game asset, Travel Town / Merge Mansion style, 3/4 view from slightly above as if sitting on a table, thick dark warm-brown outline, soft baked lighting from the upper left, glossy highlight on the top surface, saturated friendly palette, subtle contact shadow under the object, centred, filling about 80% of the frame, transparent background, no text, no border, clean vector-painted finish, 512x512"
"src/sprites/items/pearlstrand.png","item","Pearl Strand","Pearl Diving (Tidal Shallows)","Pearl Strand — a iridescent pearl white cluster of berries, with pale silver accents. Step 4 of 5 in the ""Pearl Diving"" merge chain, so it must read as handsome: richer colour, a trim or a band, a faint sheen. It has to be recognisable at 60px on a tile next to 4 relatives, so keep the silhouette simple and distinct. cartoon mobile merge-game asset, Travel Town / Merge Mansion style, 3/4 view from slightly above as if sitting on a table, thick dark warm-brown outline, soft baked lighting from the upper left, glossy highlight on the top surface, saturated friendly palette, subtle contact shadow under the object, centred, filling about 80% of the frame, transparent background, no text, no border, clean vector-painted finish, 512x512"
"src/sprites/items/pearlcrown.png","item","Pearl Crown","Pearl Diving (Tidal Shallows)","Pearl Crown — a iridescent pearl white jewelled crown, with pale silver accents. Step 5 of 5 in the ""Pearl Diving"" merge chain, so it must read as precious: fine detailing, gold or gem accents, a soft glow around it. It has to be recognisable at 60px on a tile next to 4 relatives, so keep the silhouette simple and distinct. cartoon mobile merge-game asset, Travel Town / Merge Mansion style, 3/4 view from slightly above as if sitting on a table, thick dark warm-brown outline, soft baked lighting from the upper left, glossy highlight on the top surface, saturated friendly palette, subtle contact shadow under the object, centred, filling about 80% of the frame, transparent background, no text, no border, clean vector-painted finish, 512x512"
"src/sprites/items/coralbud.png","item","Coral Bud","Coral Reef (Tidal Shallows)","Coral Bud — a coral pink flower bud. Step 1 of 5 in the ""Coral Reef"" merge chain, so it must read as the smallest, plainest thing in its chain — tiny, humble, no decoration. It has to be recognisable at 60px on a tile next to 4 relatives, so keep the silhouette simple and distinct. cartoon mobile merge-game asset, Travel Town / Merge Mansion style, 3/4 view from slightly above as if sitting on a table, thick dark warm-brown outline, soft baked lighting from the upper left, glossy highlight on the top surface, saturated friendly palette, subtle contact shadow under the object, centred, filling about 80% of the frame, transparent background, no text, no border, clean vector-painted finish, 512x512"
"src/sprites/items/coralsprig.png","item","Coral Sprig","Coral Reef (Tidal Shallows)","Coral Sprig — a coral pink branching coral. Step 2 of 5 in the ""Coral Reef"" merge chain, so it must read as a step up: a little bigger, a little tidier. It has to be recognisable at 60px on a tile next to 4 relatives, so keep the silhouette simple and distinct. cartoon mobile merge-game asset, Travel Town / Merge Mansion style, 3/4 view from slightly above as if sitting on a table, thick dark warm-brown outline, soft baked lighting from the upper left, glossy highlight on the top surface, saturated friendly palette, subtle contact shadow under the object, centred, filling about 80% of the frame, transparent background, no text, no border, clean vector-painted finish, 512x512"
"src/sprites/items/coralfan.png","item","Coral Fan","Coral Reef (Tidal Shallows)","Coral Fan — a rose pink branching coral, with coral pink accents. Step 3 of 5 in the ""Coral Reef"" merge chain, so it must read as clearly made, not found: neat shape, one small metal or painted detail. It has to be recognisable at 60px on a tile next to 4 relatives, so keep the silhouette simple and distinct. cartoon mobile merge-game asset, Travel Town / Merge Mansion style, 3/4 view from slightly above as if sitting on a table, thick dark warm-brown outline, soft baked lighting from the upper left, glossy highlight on the top surface, saturated friendly palette, subtle contact shadow under the object, centred, filling about 80% of the frame, transparent background, no text, no border, clean vector-painted finish, 512x512"
"src/sprites/items/coralcrown.png","item","Coral Crown","Coral Reef (Tidal Shallows)","Coral Crown — a coral pink jewelled crown, with rich gold accents. Step 4 of 5 in the ""Coral Reef"" merge chain, so it must read as handsome: richer colour, a trim or a band, a faint sheen. It has to be recognisable at 60px on a tile next to 4 relatives, so keep the silhouette simple and distinct. cartoon mobile merge-game asset, Travel Town / Merge Mansion style, 3/4 view from slightly above as if sitting on a table, thick dark warm-brown outline, soft baked lighting from the upper left, glossy highlight on the top surface, saturated friendly palette, subtle contact shadow under the object, centred, filling about 80% of the frame, transparent background, no text, no border, clean vector-painted finish, 512x512"
"src/sprites/items/coralpalace.png","item","Coral Palace","Coral Reef (Tidal Shallows)","Coral Palace — a rose pink stone tower, with iridescent pearl white accents. Step 5 of 5 in the ""Coral Reef"" merge chain, so it must read as precious: fine detailing, gold or gem accents, a soft glow around it. It has to be recognisable at 60px on a tile next to 4 relatives, so keep the silhouette simple and distinct. cartoon mobile merge-game asset, Travel Town / Merge Mansion style, 3/4 view from slightly above as if sitting on a table, thick dark warm-brown outline, soft baked lighting from the upper left, glossy highlight on the top surface, saturated friendly palette, subtle contact shadow under the object, centred, filling about 80% of the frame, transparent background, no text, no border, clean vector-painted finish, 512x512"
"src/sprites/items/minnow.png","item","Minnow","Fish Market (Tidal Shallows)","Minnow — a mint green small fish. Step 1 of 5 in the ""Fish Market"" merge chain, so it must read as the smallest, plainest thing in its chain — tiny, humble, no decoration. It has to be recognisable at 60px on a tile next to 4 relatives, so keep the silhouette simple and distinct. cartoon mobile merge-game asset, Travel Town / Merge Mansion style, 3/4 view from slightly above as if sitting on a table, thick dark warm-brown outline, soft baked lighting from the upper left, glossy highlight on the top surface, saturated friendly palette, subtle contact shadow under the object, centred, filling about 80% of the frame, transparent background, no text, no border, clean vector-painted finish, 512x512"
"src/sprites/items/silverfish.png","item","Silverfin","Fish Market (Tidal Shallows)","Silverfin — a pale silver small fish, with blue sapphire accents. Step 2 of 5 in the ""Fish Market"" merge chain, so it must read as a step up: a little bigger, a little tidier. It has to be recognisable at 60px on a tile next to 4 relatives, so keep the silhouette simple and distinct. cartoon mobile merge-game asset, Travel Town / Merge Mansion style, 3/4 view from slightly above as if sitting on a table, thick dark warm-brown outline, soft baked lighting from the upper left, glossy highlight on the top surface, saturated friendly palette, subtle contact shadow under the object, centred, filling about 80% of the frame, transparent background, no text, no border, clean vector-painted finish, 512x512"
"src/sprites/items/bigfish.png","item","Big Catch","Fish Market (Tidal Shallows)","Big Catch — a blue sapphire small fish, with rich gold accents. Step 3 of 5 in the ""Fish Market"" merge chain, so it must read as clearly made, not found: neat shape, one small metal or painted detail. It has to be recognisable at 60px on a tile next to 4 relatives, so keep the silhouette simple and distinct. cartoon mobile merge-game asset, Travel Town / Merge Mansion style, 3/4 view from slightly above as if sitting on a table, thick dark warm-brown outline, soft baked lighting from the upper left, glossy highlight on the top surface, saturated friendly palette, subtle contact shadow under the object, centred, filling about 80% of the frame, transparent background, no text, no border, clean vector-painted finish, 512x512"
"src/sprites/items/fishcatch.png","item","Full Net","Fish Market (Tidal Shallows)","Full Net — a tan rope woven basket, with blue sapphire accents. Step 4 of 5 in the ""Fish Market"" merge chain, so it must read as handsome: richer colour, a trim or a band, a faint sheen. It has to be recognisable at 60px on a tile next to 4 relatives, so keep the silhouette simple and distinct. cartoon mobile merge-game asset, Travel Town / Merge Mansion style, 3/4 view from slightly above as if sitting on a table, thick dark warm-brown outline, soft baked lighting from the upper left, glossy highlight on the top surface, saturated friendly palette, subtle contact shadow under the object, centred, filling about 80% of the frame, transparent background, no text, no border, clean vector-painted finish, 512x512"
"src/sprites/items/fishfeast.png","item","Tide Feast","Fish Market (Tidal Shallows)","Tide Feast — a pale shell pink bowl of soup, with mint green accents. Step 5 of 5 in the ""Fish Market"" merge chain, so it must read as precious: fine detailing, gold or gem accents, a soft glow around it. It has to be recognisable at 60px on a tile next to 4 relatives, so keep the silhouette simple and distinct. cartoon mobile merge-game asset, Travel Town / Merge Mansion style, 3/4 view from slightly above as if sitting on a table, thick dark warm-brown outline, soft baked lighting from the upper left, glossy highlight on the top surface, saturated friendly palette, subtle contact shadow under the object, centred, filling about 80% of the frame, transparent background, no text, no border, clean vector-painted finish, 512x512"
"src/sprites/items/bubblet.png","item","Sea Bubble","Tide Pools (Tidal Shallows)","Sea Bubble — a clear blue water soap bubble. Step 1 of 5 in the ""Tide Pools"" merge chain, so it must read as the smallest, plainest thing in its chain — tiny, humble, no decoration. It has to be recognisable at 60px on a tile next to 4 relatives, so keep the silhouette simple and distinct. cartoon mobile merge-game asset, Travel Town / Merge Mansion style, 3/4 view from slightly above as if sitting on a table, thick dark warm-brown outline, soft baked lighting from the upper left, glossy highlight on the top surface, saturated friendly palette, subtle contact shadow under the object, centred, filling about 80% of the frame, transparent background, no text, no border, clean vector-painted finish, 512x512"
"src/sprites/items/seafoam.png","item","Sea Foam","Tide Pools (Tidal Shallows)","Sea Foam — a white frost puffy cloud, with clear blue water accents. Step 2 of 5 in the ""Tide Pools"" merge chain, so it must read as a step up: a little bigger, a little tidier. It has to be recognisable at 60px on a tile next to 4 relatives, so keep the silhouette simple and distinct. cartoon mobile merge-game asset, Travel Town / Merge Mansion style, 3/4 view from slightly above as if sitting on a table, thick dark warm-brown outline, soft baked lighting from the upper left, glossy highlight on the top surface, saturated friendly palette, subtle contact shadow under the object, centred, filling about 80% of the frame, transparent background, no text, no border, clean vector-painted finish, 512x512"
"src/sprites/items/tidewave.png","item","Tide Swell","Tide Pools (Tidal Shallows)","Tide Swell — a deep ocean blue curling wave, with white frost accents. Step 3 of 5 in the ""Tide Pools"" merge chain, so it must read as clearly made, not found: neat shape, one small metal or painted detail. It has to be recognisable at 60px on a tile next to 4 relatives, so keep the silhouette simple and distinct. cartoon mobile merge-game asset, Travel Town / Merge Mansion style, 3/4 view from slightly above as if sitting on a table, thick dark warm-brown outline, soft baked lighting from the upper left, glossy highlight on the top surface, saturated friendly palette, subtle contact shadow under the object, centred, filling about 80% of the frame, transparent background, no text, no border, clean vector-painted finish, 512x512"
"src/sprites/items/tidalorb.png","item","Tidal Orb","Tide Pools (Tidal Shallows)","Tidal Orb — a deep ocean blue little ringed planet, with teal-green aurora glow accents. Step 4 of 5 in the ""Tide Pools"" merge chain, so it must read as handsome: richer colour, a trim or a band, a faint sheen. It has to be recognisable at 60px on a tile next to 4 relatives, so keep the silhouette simple and distinct. cartoon mobile merge-game asset, Travel Town / Merge Mansion style, 3/4 view from slightly above as if sitting on a table, thick dark warm-brown outline, soft baked lighting from the upper left, glossy highlight on the top surface, saturated friendly palette, subtle contact shadow under the object, centred, filling about 80% of the frame, transparent background, no text, no border, clean vector-painted finish, 512x512"
"src/sprites/items/tidalheart.png","item","Tidal Heart","Tide Pools (Tidal Shallows)","Tidal Heart — a blue sapphire polished orb, with soft cyan glow accents. Step 5 of 5 in the ""Tide Pools"" merge chain, so it must read as precious: fine detailing, gold or gem accents, a soft glow around it. It has to be recognisable at 60px on a tile next to 4 relatives, so keep the silhouette simple and distinct. cartoon mobile merge-game asset, Travel Town / Merge Mansion style, 3/4 view from slightly above as if sitting on a table, thick dark warm-brown outline, soft baked lighting from the upper left, glossy highlight on the top surface, saturated friendly palette, subtle contact shadow under the object, centred, filling about 80% of the frame, transparent background, no text, no border, clean vector-painted finish, 512x512"
"src/sprites/items/saltgrain.png","item","Salt Grain","Salt Pans (Tidal Shallows)","Salt Grain — a pale cream smooth pebble. Step 1 of 5 in the ""Salt Pans"" merge chain, so it must read as the smallest, plainest thing in its chain — tiny, humble, no decoration. It has to be recognisable at 60px on a tile next to 4 relatives, so keep the silhouette simple and distinct. cartoon mobile merge-game asset, Travel Town / Merge Mansion style, 3/4 view from slightly above as if sitting on a table, thick dark warm-brown outline, soft baked lighting from the upper left, glossy highlight on the top surface, saturated friendly palette, subtle contact shadow under the object, centred, filling about 80% of the frame, transparent background, no text, no border, clean vector-painted finish, 512x512"
"src/sprites/items/saltcake.png","item","Salt Cake","Salt Pans (Tidal Shallows)","Salt Cake — a pale cream metal ingot, with white frost accents. Step 2 of 5 in the ""Salt Pans"" merge chain, so it must read as a step up: a little bigger, a little tidier. It has to be recognisable at 60px on a tile next to 4 relatives, so keep the silhouette simple and distinct. cartoon mobile merge-game asset, Travel Town / Merge Mansion style, 3/4 view from slightly above as if sitting on a table, thick dark warm-brown outline, soft baked lighting from the upper left, glossy highlight on the top surface, saturated friendly palette, subtle contact shadow under the object, centred, filling about 80% of the frame, transparent background, no text, no border, clean vector-painted finish, 512x512"
"src/sprites/items/saltbrick.png","item","Salt Brick","Salt Pans (Tidal Shallows)","Salt Brick — a pale cream wooden crate, with pale blue ice accents. Step 3 of 5 in the ""Salt Pans"" merge chain, so it must read as clearly made, not found: neat shape, one small metal or painted detail. It has to be recognisable at 60px on a tile next to 4 relatives, so keep the silhouette simple and distinct. cartoon mobile merge-game asset, Travel Town / Merge Mansion style, 3/4 view from slightly above as if sitting on a table, thick dark warm-brown outline, soft baked lighting from the upper left, glossy highlight on the top surface, saturated friendly palette, subtle contact shadow under the object, centred, filling about 80% of the frame, transparent background, no text, no border, clean vector-painted finish, 512x512"
"src/sprites/items/saltpillar.png","item","Salt Pillar","Salt Pans (Tidal Shallows)","Salt Pillar — a pale cream faceted crystal shard, with white frost accents. Step 4 of 5 in the ""Salt Pans"" merge chain, so it must read as handsome: richer colour, a trim or a band, a faint sheen. It has to be recognisable at 60px on a tile next to 4 relatives, so keep the silhouette simple and distinct. cartoon mobile merge-game asset, Travel Town / Merge Mansion style, 3/4 view from slightly above as if sitting on a table, thick dark warm-brown outline, soft baked lighting from the upper left, glossy highlight on the top surface, saturated friendly palette, subtle contact shadow under the object, centred, filling about 80% of the frame, transparent background, no text, no border, clean vector-painted finish, 512x512"
"src/sprites/items/salttemple.png","item","Salt Temple","Salt Pans (Tidal Shallows)","Salt Temple — a pale cream stone tower, with teal-green aurora glow accents. Step 5 of 5 in the ""Salt Pans"" merge chain, so it must read as precious: fine detailing, gold or gem accents, a soft glow around it. It has to be recognisable at 60px on a tile next to 4 relatives, so keep the silhouette simple and distinct. cartoon mobile merge-game asset, Travel Town / Merge Mansion style, 3/4 view from slightly above as if sitting on a table, thick dark warm-brown outline, soft baked lighting from the upper left, glossy highlight on the top surface, saturated friendly palette, subtle contact shadow under the object, centred, filling about 80% of the frame, transparent background, no text, no border, clean vector-painted finish, 512x512"
"src/sprites/items/driftbit.png","item","Driftwood Bit","Sunken Finds (Tidal Shallows)","Driftwood Bit — a ivory bone forked twig, with dark sea green accents. Step 1 of 5 in the ""Sunken Finds"" merge chain, so it must read as the smallest, plainest thing in its chain — tiny, humble, no decoration. It has to be recognisable at 60px on a tile next to 4 relatives, so keep the silhouette simple and distinct. cartoon mobile merge-game asset, Travel Town / Merge Mansion style, 3/4 view from slightly above as if sitting on a table, thick dark warm-brown outline, soft baked lighting from the upper left, glossy highlight on the top surface, saturated friendly palette, subtle contact shadow under the object, centred, filling about 80% of the frame, transparent background, no text, no border, clean vector-painted finish, 512x512"
"src/sprites/items/driftwood.png","item","Driftwood","Sunken Finds (Tidal Shallows)","Driftwood — a ivory bone cut log, with dark sea green accents. Step 2 of 5 in the ""Sunken Finds"" merge chain, so it must read as a step up: a little bigger, a little tidier. It has to be recognisable at 60px on a tile next to 4 relatives, so keep the silhouette simple and distinct. cartoon mobile merge-game asset, Travel Town / Merge Mansion style, 3/4 view from slightly above as if sitting on a table, thick dark warm-brown outline, soft baked lighting from the upper left, glossy highlight on the top surface, saturated friendly palette, subtle contact shadow under the object, centred, filling about 80% of the frame, transparent background, no text, no border, clean vector-painted finish, 512x512"
"src/sprites/items/driftboat.png","item","Beached Skiff","Sunken Finds (Tidal Shallows)","Beached Skiff — a dark rough bark small boat, with warm red cloth accents. Step 3 of 5 in the ""Sunken Finds"" merge chain, so it must read as clearly made, not found: neat shape, one small metal or painted detail. It has to be recognisable at 60px on a tile next to 4 relatives, so keep the silhouette simple and distinct. cartoon mobile merge-game asset, Travel Town / Merge Mansion style, 3/4 view from slightly above as if sitting on a table, thick dark warm-brown outline, soft baked lighting from the upper left, glossy highlight on the top surface, saturated friendly palette, subtle contact shadow under the object, centred, filling about 80% of the frame, transparent background, no text, no border, clean vector-painted finish, 512x512"
"src/sprites/items/sunkenchest.png","item","Sunken Chest","Sunken Finds (Tidal Shallows)","Sunken Chest — a dark rough bark treasure chest, with rich gold accents. Step 4 of 5 in the ""Sunken Finds"" merge chain, so it must read as handsome: richer colour, a trim or a band, a faint sheen. It has to be recognisable at 60px on a tile next to 4 relatives, so keep the silhouette simple and distinct. cartoon mobile merge-game asset, Travel Town / Merge Mansion style, 3/4 view from slightly above as if sitting on a table, thick dark warm-brown outline, soft baked lighting from the upper left, glossy highlight on the top surface, saturated friendly palette, subtle contact shadow under the object, centred, filling about 80% of the frame, transparent background, no text, no border, clean vector-painted finish, 512x512"
"src/sprites/items/sunkenidol.png","item","Drowned Idol","Sunken Finds (Tidal Shallows)","Drowned Idol — a jade green ceremonial mask, with rich gold accents. Step 5 of 5 in the ""Sunken Finds"" merge chain, so it must read as precious: fine detailing, gold or gem accents, a soft glow around it. It has to be recognisable at 60px on a tile next to 4 relatives, so keep the silhouette simple and distinct. cartoon mobile merge-game asset, Travel Town / Merge Mansion style, 3/4 view from slightly above as if sitting on a table, thick dark warm-brown outline, soft baked lighting from the upper left, glossy highlight on the top surface, saturated friendly palette, subtle contact shadow under the object, centred, filling about 80% of the frame, transparent background, no text, no border, clean vector-painted finish, 512x512"
"src/sprites/items/glowplankton.png","item","Plankton Mote","Deep Lights (Tidal Shallows)","Plankton Mote — a violet spore pearl in a shell. Step 1 of 5 in the ""Deep Lights"" merge chain, so it must read as the smallest, plainest thing in its chain — tiny, humble, no decoration. It has to be recognisable at 60px on a tile next to 4 relatives, so keep the silhouette simple and distinct. cartoon mobile merge-game asset, Travel Town / Merge Mansion style, 3/4 view from slightly above as if sitting on a table, thick dark warm-brown outline, soft baked lighting from the upper left, glossy highlight on the top surface, saturated friendly palette, subtle contact shadow under the object, centred, filling about 80% of the frame, transparent background, no text, no border, clean vector-painted finish, 512x512"
"src/sprites/items/jellybell.png","item","Jelly Bell","Deep Lights (Tidal Shallows)","Jelly Bell — a pale lilac hand bell, with soft cyan glow accents. Step 2 of 5 in the ""Deep Lights"" merge chain, so it must read as a step up: a little bigger, a little tidier. It has to be recognisable at 60px on a tile next to 4 relatives, so keep the silhouette simple and distinct. cartoon mobile merge-game asset, Travel Town / Merge Mansion style, 3/4 view from slightly above as if sitting on a table, thick dark warm-brown outline, soft baked lighting from the upper left, glossy highlight on the top surface, saturated friendly palette, subtle contact shadow under the object, centred, filling about 80% of the frame, transparent background, no text, no border, clean vector-painted finish, 512x512"
"src/sprites/items/deeplantern.png","item","Deep Lantern","Deep Lights (Tidal Shallows)","Deep Lantern — a deep ocean blue hanging lantern, with soft cyan glow accents. Step 3 of 5 in the ""Deep Lights"" merge chain, so it must read as clearly made, not found: neat shape, one small metal or painted detail. It has to be recognisable at 60px on a tile next to 4 relatives, so keep the silhouette simple and distinct. cartoon mobile merge-game asset, Travel Town / Merge Mansion style, 3/4 view from slightly above as if sitting on a table, thick dark warm-brown outline, soft baked lighting from the upper left, glossy highlight on the top surface, saturated friendly palette, subtle contact shadow under the object, centred, filling about 80% of the frame, transparent background, no text, no border, clean vector-painted finish, 512x512"
"src/sprites/items/abyssorb.png","item","Abyss Orb","Deep Lights (Tidal Shallows)","Abyss Orb — a deep ocean blue little ringed planet, with teal-green aurora glow accents. Step 4 of 5 in the ""Deep Lights"" merge chain, so it must read as handsome: richer colour, a trim or a band, a faint sheen. It has to be recognisable at 60px on a tile next to 4 relatives, so keep the silhouette simple and distinct. cartoon mobile merge-game asset, Travel Town / Merge Mansion style, 3/4 view from slightly above as if sitting on a table, thick dark warm-brown outline, soft baked lighting from the upper left, glossy highlight on the top surface, saturated friendly palette, subtle contact shadow under the object, centred, filling about 80% of the frame, transparent background, no text, no border, clean vector-painted finish, 512x512"
"src/sprites/items/shallowheart.png","item","Shallow Heart","Deep Lights (Tidal Shallows)","Shallow Heart — a mint green polished orb, with soft cyan glow accents. Step 5 of 5 in the ""Deep Lights"" merge chain, so it must read as precious: fine detailing, gold or gem accents, a soft glow around it. It has to be recognisable at 60px on a tile next to 4 relatives, so keep the silhouette simple and distinct. cartoon mobile merge-game asset, Travel Town / Merge Mansion style, 3/4 view from slightly above as if sitting on a table, thick dark warm-brown outline, soft baked lighting from the upper left, glossy highlight on the top surface, saturated friendly palette, subtle contact shadow under the object, centred, filling about 80% of the frame, transparent background, no text, no border, clean vector-painted finish, 512x512"
"src/sprites/items/wisp.png","item","Wisp","Cloud Bank (Aurora Reach)","Wisp — a pale cream puffy cloud. Step 1 of 5 in the ""Cloud Bank"" merge chain, so it must read as the smallest, plainest thing in its chain — tiny, humble, no decoration. It has to be recognisable at 60px on a tile next to 4 relatives, so keep the silhouette simple and distinct. cartoon mobile merge-game asset, Travel Town / Merge Mansion style, 3/4 view from slightly above as if sitting on a table, thick dark warm-brown outline, soft baked lighting from the upper left, glossy highlight on the top surface, saturated friendly palette, subtle contact shadow under the object, centred, filling about 80% of the frame, transparent background, no text, no border, clean vector-painted finish, 512x512"
"src/sprites/items/cloudlet.png","item","Cloudlet","Cloud Bank (Aurora Reach)","Cloudlet — a white frost puffy cloud. Step 2 of 5 in the ""Cloud Bank"" merge chain, so it must read as a step up: a little bigger, a little tidier. It has to be recognisable at 60px on a tile next to 4 relatives, so keep the silhouette simple and distinct. cartoon mobile merge-game asset, Travel Town / Merge Mansion style, 3/4 view from slightly above as if sitting on a table, thick dark warm-brown outline, soft baked lighting from the upper left, glossy highlight on the top surface, saturated friendly palette, subtle contact shadow under the object, centred, filling about 80% of the frame, transparent background, no text, no border, clean vector-painted finish, 512x512"
"src/sprites/items/cloudpuff.png","item","Cloud Puff","Cloud Bank (Aurora Reach)","Cloud Puff — a soft blue-white cloud puffy cloud. Step 3 of 5 in the ""Cloud Bank"" merge chain, so it must read as clearly made, not found: neat shape, one small metal or painted detail. It has to be recognisable at 60px on a tile next to 4 relatives, so keep the silhouette simple and distinct. cartoon mobile merge-game asset, Travel Town / Merge Mansion style, 3/4 view from slightly above as if sitting on a table, thick dark warm-brown outline, soft baked lighting from the upper left, glossy highlight on the top surface, saturated friendly palette, subtle contact shadow under the object, centred, filling about 80% of the frame, transparent background, no text, no border, clean vector-painted finish, 512x512"
"src/sprites/items/thundercloud.png","item","Thunderhead","Cloud Bank (Aurora Reach)","Thunderhead — a dusky violet puffy cloud, with golden topaz accents. Step 4 of 5 in the ""Cloud Bank"" merge chain, so it must read as handsome: richer colour, a trim or a band, a faint sheen. It has to be recognisable at 60px on a tile next to 4 relatives, so keep the silhouette simple and distinct. cartoon mobile merge-game asset, Travel Town / Merge Mansion style, 3/4 view from slightly above as if sitting on a table, thick dark warm-brown outline, soft baked lighting from the upper left, glossy highlight on the top surface, saturated friendly palette, subtle contact shadow under the object, centred, filling about 80% of the frame, transparent background, no text, no border, clean vector-painted finish, 512x512"
"src/sprites/items/cloudcastle.png","item","Cloud Castle","Cloud Bank (Aurora Reach)","Cloud Castle — a soft blue-white cloud stone tower, with teal-green aurora glow accents. Step 5 of 5 in the ""Cloud Bank"" merge chain, so it must read as precious: fine detailing, gold or gem accents, a soft glow around it. It has to be recognisable at 60px on a tile next to 4 relatives, so keep the silhouette simple and distinct. cartoon mobile merge-game asset, Travel Town / Merge Mansion style, 3/4 view from slightly above as if sitting on a table, thick dark warm-brown outline, soft baked lighting from the upper left, glossy highlight on the top surface, saturated friendly palette, subtle contact shadow under the object, centred, filling about 80% of the frame, transparent background, no text, no border, clean vector-painted finish, 512x512"
"src/sprites/items/aurorathread.png","item","Aurora Thread","Aurora Weave (Aurora Reach)","Aurora Thread — a teal-green aurora glow spiral coil. Step 1 of 5 in the ""Aurora Weave"" merge chain, so it must read as the smallest, plainest thing in its chain — tiny, humble, no decoration. It has to be recognisable at 60px on a tile next to 4 relatives, so keep the silhouette simple and distinct. cartoon mobile merge-game asset, Travel Town / Merge Mansion style, 3/4 view from slightly above as if sitting on a table, thick dark warm-brown outline, soft baked lighting from the upper left, glossy highlight on the top surface, saturated friendly palette, subtle contact shadow under the object, centred, filling about 80% of the frame, transparent background, no text, no border, clean vector-painted finish, 512x512"
"src/sprites/items/aurorasilk.png","item","Aurora Silk","Aurora Weave (Aurora Reach)","Aurora Silk — a teal-green aurora glow folded cloth, with mint green accents. Step 2 of 5 in the ""Aurora Weave"" merge chain, so it must read as a step up: a little bigger, a little tidier. It has to be recognisable at 60px on a tile next to 4 relatives, so keep the silhouette simple and distinct. cartoon mobile merge-game asset, Travel Town / Merge Mansion style, 3/4 view from slightly above as if sitting on a table, thick dark warm-brown outline, soft baked lighting from the upper left, glossy highlight on the top surface, saturated friendly palette, subtle contact shadow under the object, centred, filling about 80% of the frame, transparent background, no text, no border, clean vector-painted finish, 512x512"
"src/sprites/items/auroraveil.png","item","Aurora Veil","Aurora Weave (Aurora Reach)","Aurora Veil — a teal-green aurora glow curling wave, with pale lilac accents. Step 3 of 5 in the ""Aurora Weave"" merge chain, so it must read as clearly made, not found: neat shape, one small metal or painted detail. It has to be recognisable at 60px on a tile next to 4 relatives, so keep the silhouette simple and distinct. cartoon mobile merge-game asset, Travel Town / Merge Mansion style, 3/4 view from slightly above as if sitting on a table, thick dark warm-brown outline, soft baked lighting from the upper left, glossy highlight on the top surface, saturated friendly palette, subtle contact shadow under the object, centred, filling about 80% of the frame, transparent background, no text, no border, clean vector-painted finish, 512x512"
"src/sprites/items/auroracloak.png","item","Aurora Cloak","Aurora Weave (Aurora Reach)","Aurora Cloak — a pale lilac folded cloth, with teal-green aurora glow accents. Step 4 of 5 in the ""Aurora Weave"" merge chain, so it must read as handsome: richer colour, a trim or a band, a faint sheen. It has to be recognisable at 60px on a tile next to 4 relatives, so keep the silhouette simple and distinct. cartoon mobile merge-game asset, Travel Town / Merge Mansion style, 3/4 view from slightly above as if sitting on a table, thick dark warm-brown outline, soft baked lighting from the upper left, glossy highlight on the top surface, saturated friendly palette, subtle contact shadow under the object, centred, filling about 80% of the frame, transparent background, no text, no border, clean vector-painted finish, 512x512"
"src/sprites/items/auroracrown.png","item","Aurora Crown","Aurora Weave (Aurora Reach)","Aurora Crown — a teal-green aurora glow jewelled crown, with golden starlight accents. Step 5 of 5 in the ""Aurora Weave"" merge chain, so it must read as precious: fine detailing, gold or gem accents, a soft glow around it. It has to be recognisable at 60px on a tile next to 4 relatives, so keep the silhouette simple and distinct. cartoon mobile merge-game asset, Travel Town / Merge Mansion style, 3/4 view from slightly above as if sitting on a table, thick dark warm-brown outline, soft baked lighting from the upper left, glossy highlight on the top surface, saturated friendly palette, subtle contact shadow under the object, centred, filling about 80% of the frame, transparent background, no text, no border, clean vector-painted finish, 512x512"
"src/sprites/items/stardust.png","item","Stardust","Star Nursery (Aurora Reach)","Stardust — a golden starlight smooth pebble. Step 1 of 5 in the ""Star Nursery"" merge chain, so it must read as the smallest, plainest thing in its chain — tiny, humble, no decoration. It has to be recognisable at 60px on a tile next to 4 relatives, so keep the silhouette simple and distinct. cartoon mobile merge-game asset, Travel Town / Merge Mansion style, 3/4 view from slightly above as if sitting on a table, thick dark warm-brown outline, soft baked lighting from the upper left, glossy highlight on the top surface, saturated friendly palette, subtle contact shadow under the object, centred, filling about 80% of the frame, transparent background, no text, no border, clean vector-painted finish, 512x512"
"src/sprites/items/starspark.png","item","Star Spark","Star Nursery (Aurora Reach)","Star Spark — a golden starlight cut gemstone, with rich gold accents. Step 2 of 5 in the ""Star Nursery"" merge chain, so it must read as a step up: a little bigger, a little tidier. It has to be recognisable at 60px on a tile next to 4 relatives, so keep the silhouette simple and distinct. cartoon mobile merge-game asset, Travel Town / Merge Mansion style, 3/4 view from slightly above as if sitting on a table, thick dark warm-brown outline, soft baked lighting from the upper left, glossy highlight on the top surface, saturated friendly palette, subtle contact shadow under the object, centred, filling about 80% of the frame, transparent background, no text, no border, clean vector-painted finish, 512x512"
"src/sprites/items/starlet.png","item","Starlet","Star Nursery (Aurora Reach)","Starlet — a golden starlight five-point star. Step 3 of 5 in the ""Star Nursery"" merge chain, so it must read as clearly made, not found: neat shape, one small metal or painted detail. It has to be recognisable at 60px on a tile next to 4 relatives, so keep the silhouette simple and distinct. cartoon mobile merge-game asset, Travel Town / Merge Mansion style, 3/4 view from slightly above as if sitting on a table, thick dark warm-brown outline, soft baked lighting from the upper left, glossy highlight on the top surface, saturated friendly palette, subtle contact shadow under the object, centred, filling about 80% of the frame, transparent background, no text, no border, clean vector-painted finish, 512x512"
"src/sprites/items/starcluster.png","item","Star Cluster","Star Nursery (Aurora Reach)","Star Cluster — a golden starlight cluster of berries, with rich gold accents. Step 4 of 5 in the ""Star Nursery"" merge chain, so it must read as handsome: richer colour, a trim or a band, a faint sheen. It has to be recognisable at 60px on a tile next to 4 relatives, so keep the silhouette simple and distinct. cartoon mobile merge-game asset, Travel Town / Merge Mansion style, 3/4 view from slightly above as if sitting on a table, thick dark warm-brown outline, soft baked lighting from the upper left, glossy highlight on the top surface, saturated friendly palette, subtle contact shadow under the object, centred, filling about 80% of the frame, transparent background, no text, no border, clean vector-painted finish, 512x512"
"src/sprites/items/starforge.png","item","Star Forge","Star Nursery (Aurora Reach)","Star Forge — a dusky violet anvil, with golden starlight accents. Step 5 of 5 in the ""Star Nursery"" merge chain, so it must read as precious: fine detailing, gold or gem accents, a soft glow around it. It has to be recognisable at 60px on a tile next to 4 relatives, so keep the silhouette simple and distinct. cartoon mobile merge-game asset, Travel Town / Merge Mansion style, 3/4 view from slightly above as if sitting on a table, thick dark warm-brown outline, soft baked lighting from the upper left, glossy highlight on the top surface, saturated friendly palette, subtle contact shadow under the object, centred, filling about 80% of the frame, transparent background, no text, no border, clean vector-painted finish, 512x512"
"src/sprites/items/breeze.png","item","Breeze","Wind Currents (Aurora Reach)","Breeze — a mint green feather. Step 1 of 5 in the ""Wind Currents"" merge chain, so it must read as the smallest, plainest thing in its chain — tiny, humble, no decoration. It has to be recognisable at 60px on a tile next to 4 relatives, so keep the silhouette simple and distinct. cartoon mobile merge-game asset, Travel Town / Merge Mansion style, 3/4 view from slightly above as if sitting on a table, thick dark warm-brown outline, soft baked lighting from the upper left, glossy highlight on the top surface, saturated friendly palette, subtle contact shadow under the object, centred, filling about 80% of the frame, transparent background, no text, no border, clean vector-painted finish, 512x512"
"src/sprites/items/gust.png","item","Gust","Wind Currents (Aurora Reach)","Gust — a white frost curling wave, with mint green accents. Step 2 of 5 in the ""Wind Currents"" merge chain, so it must read as a step up: a little bigger, a little tidier. It has to be recognisable at 60px on a tile next to 4 relatives, so keep the silhouette simple and distinct. cartoon mobile merge-game asset, Travel Town / Merge Mansion style, 3/4 view from slightly above as if sitting on a table, thick dark warm-brown outline, soft baked lighting from the upper left, glossy highlight on the top surface, saturated friendly palette, subtle contact shadow under the object, centred, filling about 80% of the frame, transparent background, no text, no border, clean vector-painted finish, 512x512"
"src/sprites/items/windcoil.png","item","Wind Coil","Wind Currents (Aurora Reach)","Wind Coil — a white frost spiral coil, with teal-green aurora glow accents. Step 3 of 5 in the ""Wind Currents"" merge chain, so it must read as clearly made, not found: neat shape, one small metal or painted detail. It has to be recognisable at 60px on a tile next to 4 relatives, so keep the silhouette simple and distinct. cartoon mobile merge-game asset, Travel Town / Merge Mansion style, 3/4 view from slightly above as if sitting on a table, thick dark warm-brown outline, soft baked lighting from the upper left, glossy highlight on the top surface, saturated friendly palette, subtle contact shadow under the object, centred, filling about 80% of the frame, transparent background, no text, no border, clean vector-painted finish, 512x512"
"src/sprites/items/windvane.png","item","Wind Vane","Wind Currents (Aurora Reach)","Wind Vane — a pale silver brass compass, with mint green accents. Step 4 of 5 in the ""Wind Currents"" merge chain, so it must read as handsome: richer colour, a trim or a band, a faint sheen. It has to be recognisable at 60px on a tile next to 4 relatives, so keep the silhouette simple and distinct. cartoon mobile merge-game asset, Travel Town / Merge Mansion style, 3/4 view from slightly above as if sitting on a table, thick dark warm-brown outline, soft baked lighting from the upper left, glossy highlight on the top surface, saturated friendly palette, subtle contact shadow under the object, centred, filling about 80% of the frame, transparent background, no text, no border, clean vector-painted finish, 512x512"
"src/sprites/items/stormeye.png","item","Storm Eye","Wind Currents (Aurora Reach)","Storm Eye — a dusky violet little ringed planet, with teal-green aurora glow accents. Step 5 of 5 in the ""Wind Currents"" merge chain, so it must read as precious: fine detailing, gold or gem accents, a soft glow around it. It has to be recognisable at 60px on a tile next to 4 relatives, so keep the silhouette simple and distinct. cartoon mobile merge-game asset, Travel Town / Merge Mansion style, 3/4 view from slightly above as if sitting on a table, thick dark warm-brown outline, soft baked lighting from the upper left, glossy highlight on the top surface, saturated friendly palette, subtle contact shadow under the object, centred, filling about 80% of the frame, transparent background, no text, no border, clean vector-painted finish, 512x512"
"src/sprites/items/skyseed.png","item","Sky Seed","Sky Orchard (Aurora Reach)","Sky Seed — a mint green plump seed. Step 1 of 5 in the ""Sky Orchard"" merge chain, so it must read as the smallest, plainest thing in its chain — tiny, humble, no decoration. It has to be recognisable at 60px on a tile next to 4 relatives, so keep the silhouette simple and distinct. cartoon mobile merge-game asset, Travel Town / Merge Mansion style, 3/4 view from slightly above as if sitting on a table, thick dark warm-brown outline, soft baked lighting from the upper left, glossy highlight on the top surface, saturated friendly palette, subtle contact shadow under the object, centred, filling about 80% of the frame, transparent background, no text, no border, clean vector-painted finish, 512x512"
"src/sprites/items/skybud.png","item","Sky Bud","Sky Orchard (Aurora Reach)","Sky Bud — a mint green open blossom, with teal-green aurora glow accents. Step 2 of 5 in the ""Sky Orchard"" merge chain, so it must read as a step up: a little bigger, a little tidier. It has to be recognisable at 60px on a tile next to 4 relatives, so keep the silhouette simple and distinct. cartoon mobile merge-game asset, Travel Town / Merge Mansion style, 3/4 view from slightly above as if sitting on a table, thick dark warm-brown outline, soft baked lighting from the upper left, glossy highlight on the top surface, saturated friendly palette, subtle contact shadow under the object, centred, filling about 80% of the frame, transparent background, no text, no border, clean vector-painted finish, 512x512"
"src/sprites/items/skyfruit.png","item","Sky Fruit","Sky Orchard (Aurora Reach)","Sky Fruit — a golden topaz round fruit, with mint green accents. Step 3 of 5 in the ""Sky Orchard"" merge chain, so it must read as clearly made, not found: neat shape, one small metal or painted detail. It has to be recognisable at 60px on a tile next to 4 relatives, so keep the silhouette simple and distinct. cartoon mobile merge-game asset, Travel Town / Merge Mansion style, 3/4 view from slightly above as if sitting on a table, thick dark warm-brown outline, soft baked lighting from the upper left, glossy highlight on the top surface, saturated friendly palette, subtle contact shadow under the object, centred, filling about 80% of the frame, transparent background, no text, no border, clean vector-painted finish, 512x512"
"src/sprites/items/skybasket.png","item","Sky Basket","Sky Orchard (Aurora Reach)","Sky Basket — a pale golden straw woven basket, with golden topaz accents. Step 4 of 5 in the ""Sky Orchard"" merge chain, so it must read as handsome: richer colour, a trim or a band, a faint sheen. It has to be recognisable at 60px on a tile next to 4 relatives, so keep the silhouette simple and distinct. cartoon mobile merge-game asset, Travel Town / Merge Mansion style, 3/4 view from slightly above as if sitting on a table, thick dark warm-brown outline, soft baked lighting from the upper left, glossy highlight on the top surface, saturated friendly palette, subtle contact shadow under the object, centred, filling about 80% of the frame, transparent background, no text, no border, clean vector-painted finish, 512x512"
"src/sprites/items/skyfeast.png","item","Cloud Feast","Sky Orchard (Aurora Reach)","Cloud Feast — a soft blue-white cloud tiered cake, with golden topaz accents. Step 5 of 5 in the ""Sky Orchard"" merge chain, so it must read as precious: fine detailing, gold or gem accents, a soft glow around it. It has to be recognisable at 60px on a tile next to 4 relatives, so keep the silhouette simple and distinct. cartoon mobile merge-game asset, Travel Town / Merge Mansion style, 3/4 view from slightly above as if sitting on a table, thick dark warm-brown outline, soft baked lighting from the upper left, glossy highlight on the top surface, saturated friendly palette, subtle contact shadow under the object, centred, filling about 80% of the frame, transparent background, no text, no border, clean vector-painted finish, 512x512"
"src/sprites/items/chimebit.png","item","Chime Shard","Chime Tower (Aurora Reach)","Chime Shard — a pale silver faceted crystal shard. Step 1 of 5 in the ""Chime Tower"" merge chain, so it must read as the smallest, plainest thing in its chain — tiny, humble, no decoration. It has to be recognisable at 60px on a tile next to 4 relatives, so keep the silhouette simple and distinct. cartoon mobile merge-game asset, Travel Town / Merge Mansion style, 3/4 view from slightly above as if sitting on a table, thick dark warm-brown outline, soft baked lighting from the upper left, glossy highlight on the top surface, saturated friendly palette, subtle contact shadow under the object, centred, filling about 80% of the frame, transparent background, no text, no border, clean vector-painted finish, 512x512"
"src/sprites/items/chimebell.png","item","Chime Bell","Chime Tower (Aurora Reach)","Chime Bell — a pale silver hand bell, with mint green accents. Step 2 of 5 in the ""Chime Tower"" merge chain, so it must read as a step up: a little bigger, a little tidier. It has to be recognisable at 60px on a tile next to 4 relatives, so keep the silhouette simple and distinct. cartoon mobile merge-game asset, Travel Town / Merge Mansion style, 3/4 view from slightly above as if sitting on a table, thick dark warm-brown outline, soft baked lighting from the upper left, glossy highlight on the top surface, saturated friendly palette, subtle contact shadow under the object, centred, filling about 80% of the frame, transparent background, no text, no border, clean vector-painted finish, 512x512"
"src/sprites/items/chimeset.png","item","Chime Ring","Chime Tower (Aurora Reach)","Chime Ring — a pale silver jewelled ring, with teal-green aurora glow accents. Step 3 of 5 in the ""Chime Tower"" merge chain, so it must read as clearly made, not found: neat shape, one small metal or painted detail. It has to be recognisable at 60px on a tile next to 4 relatives, so keep the silhouette simple and distinct. cartoon mobile merge-game asset, Travel Town / Merge Mansion style, 3/4 view from slightly above as if sitting on a table, thick dark warm-brown outline, soft baked lighting from the upper left, glossy highlight on the top surface, saturated friendly palette, subtle contact shadow under the object, centred, filling about 80% of the frame, transparent background, no text, no border, clean vector-painted finish, 512x512"
"src/sprites/items/chimetower.png","item","Chime Tower","Chime Tower (Aurora Reach)","Chime Tower — a pale silver stone tower, with teal-green aurora glow accents. Step 4 of 5 in the ""Chime Tower"" merge chain, so it must read as handsome: richer colour, a trim or a band, a faint sheen. It has to be recognisable at 60px on a tile next to 4 relatives, so keep the silhouette simple and distinct. cartoon mobile merge-game asset, Travel Town / Merge Mansion style, 3/4 view from slightly above as if sitting on a table, thick dark warm-brown outline, soft baked lighting from the upper left, glossy highlight on the top surface, saturated friendly palette, subtle contact shadow under the object, centred, filling about 80% of the frame, transparent background, no text, no border, clean vector-painted finish, 512x512"
"src/sprites/items/skybell.png","item","Sky Bell","Chime Tower (Aurora Reach)","Sky Bell — a rich gold hand bell, with teal-green aurora glow accents. Step 5 of 5 in the ""Chime Tower"" merge chain, so it must read as precious: fine detailing, gold or gem accents, a soft glow around it. It has to be recognisable at 60px on a tile next to 4 relatives, so keep the silhouette simple and distinct. cartoon mobile merge-game asset, Travel Town / Merge Mansion style, 3/4 view from slightly above as if sitting on a table, thick dark warm-brown outline, soft baked lighting from the upper left, glossy highlight on the top surface, saturated friendly palette, subtle contact shadow under the object, centred, filling about 80% of the frame, transparent background, no text, no border, clean vector-painted finish, 512x512"
"src/sprites/items/lightmote.png","item","Light Mote","Prism Array (Aurora Reach)","Light Mote — a soft cyan glow pearl in a shell. Step 1 of 5 in the ""Prism Array"" merge chain, so it must read as the smallest, plainest thing in its chain — tiny, humble, no decoration. It has to be recognisable at 60px on a tile next to 4 relatives, so keep the silhouette simple and distinct. cartoon mobile merge-game asset, Travel Town / Merge Mansion style, 3/4 view from slightly above as if sitting on a table, thick dark warm-brown outline, soft baked lighting from the upper left, glossy highlight on the top surface, saturated friendly palette, subtle contact shadow under the object, centred, filling about 80% of the frame, transparent background, no text, no border, clean vector-painted finish, 512x512"
"src/sprites/items/lightbeam.png","item","Light Beam","Prism Array (Aurora Reach)","Light Beam — a soft cyan glow glass prism, with teal-green aurora glow accents. Step 2 of 5 in the ""Prism Array"" merge chain, so it must read as a step up: a little bigger, a little tidier. It has to be recognisable at 60px on a tile next to 4 relatives, so keep the silhouette simple and distinct. cartoon mobile merge-game asset, Travel Town / Merge Mansion style, 3/4 view from slightly above as if sitting on a table, thick dark warm-brown outline, soft baked lighting from the upper left, glossy highlight on the top surface, saturated friendly palette, subtle contact shadow under the object, centred, filling about 80% of the frame, transparent background, no text, no border, clean vector-painted finish, 512x512"
"src/sprites/items/prismlens.png","item","Prism Lens","Prism Array (Aurora Reach)","Prism Lens — a pale blue glass cut gemstone, with teal-green aurora glow accents. Step 3 of 5 in the ""Prism Array"" merge chain, so it must read as clearly made, not found: neat shape, one small metal or painted detail. It has to be recognisable at 60px on a tile next to 4 relatives, so keep the silhouette simple and distinct. cartoon mobile merge-game asset, Travel Town / Merge Mansion style, 3/4 view from slightly above as if sitting on a table, thick dark warm-brown outline, soft baked lighting from the upper left, glossy highlight on the top surface, saturated friendly palette, subtle contact shadow under the object, centred, filling about 80% of the frame, transparent background, no text, no border, clean vector-painted finish, 512x512"
"src/sprites/items/prismarray.png","item","Prism Array","Prism Array (Aurora Reach)","Prism Array — a clear cyan crystal snowflake, with teal-green aurora glow accents. Step 4 of 5 in the ""Prism Array"" merge chain, so it must read as handsome: richer colour, a trim or a band, a faint sheen. It has to be recognisable at 60px on a tile next to 4 relatives, so keep the silhouette simple and distinct. cartoon mobile merge-game asset, Travel Town / Merge Mansion style, 3/4 view from slightly above as if sitting on a table, thick dark warm-brown outline, soft baked lighting from the upper left, glossy highlight on the top surface, saturated friendly palette, subtle contact shadow under the object, centred, filling about 80% of the frame, transparent background, no text, no border, clean vector-painted finish, 512x512"
"src/sprites/items/sunsprism.png","item","Sun Prism","Prism Array (Aurora Reach)","Sun Prism — a rich gold glass prism, with teal-green aurora glow accents. Step 5 of 5 in the ""Prism Array"" merge chain, so it must read as precious: fine detailing, gold or gem accents, a soft glow around it. It has to be recognisable at 60px on a tile next to 4 relatives, so keep the silhouette simple and distinct. cartoon mobile merge-game asset, Travel Town / Merge Mansion style, 3/4 view from slightly above as if sitting on a table, thick dark warm-brown outline, soft baked lighting from the upper left, glossy highlight on the top surface, saturated friendly palette, subtle contact shadow under the object, centred, filling about 80% of the frame, transparent background, no text, no border, clean vector-painted finish, 512x512"
"src/sprites/items/skydown.png","item","Sky Down","Sky Nest (Aurora Reach)","Sky Down — a pale cream puffy cloud, with mint green accents. Step 1 of 5 in the ""Sky Nest"" merge chain, so it must read as the smallest, plainest thing in its chain — tiny, humble, no decoration. It has to be recognisable at 60px on a tile next to 4 relatives, so keep the silhouette simple and distinct. cartoon mobile merge-game asset, Travel Town / Merge Mansion style, 3/4 view from slightly above as if sitting on a table, thick dark warm-brown outline, soft baked lighting from the upper left, glossy highlight on the top surface, saturated friendly palette, subtle contact shadow under the object, centred, filling about 80% of the frame, transparent background, no text, no border, clean vector-painted finish, 512x512"
"src/sprites/items/skyfeather.png","item","Sky Feather","Sky Nest (Aurora Reach)","Sky Feather — a teal-green aurora glow feather, with pale silver accents. Step 2 of 5 in the ""Sky Nest"" merge chain, so it must read as a step up: a little bigger, a little tidier. It has to be recognisable at 60px on a tile next to 4 relatives, so keep the silhouette simple and distinct. cartoon mobile merge-game asset, Travel Town / Merge Mansion style, 3/4 view from slightly above as if sitting on a table, thick dark warm-brown outline, soft baked lighting from the upper left, glossy highlight on the top surface, saturated friendly palette, subtle contact shadow under the object, centred, filling about 80% of the frame, transparent background, no text, no border, clean vector-painted finish, 512x512"
"src/sprites/items/skyplume.png","item","Sky Plume","Sky Nest (Aurora Reach)","Sky Plume — a golden starlight feather, with rich gold accents. Step 3 of 5 in the ""Sky Nest"" merge chain, so it must read as clearly made, not found: neat shape, one small metal or painted detail. It has to be recognisable at 60px on a tile next to 4 relatives, so keep the silhouette simple and distinct. cartoon mobile merge-game asset, Travel Town / Merge Mansion style, 3/4 view from slightly above as if sitting on a table, thick dark warm-brown outline, soft baked lighting from the upper left, glossy highlight on the top surface, saturated friendly palette, subtle contact shadow under the object, centred, filling about 80% of the frame, transparent background, no text, no border, clean vector-painted finish, 512x512"
"src/sprites/items/skynestn.png","item","Sky Nest","Sky Nest (Aurora Reach)","Sky Nest — a soft blue-white cloud spiral seashell, with rich gold accents. Step 4 of 5 in the ""Sky Nest"" merge chain, so it must read as handsome: richer colour, a trim or a band, a faint sheen. It has to be recognisable at 60px on a tile next to 4 relatives, so keep the silhouette simple and distinct. cartoon mobile merge-game asset, Travel Town / Merge Mansion style, 3/4 view from slightly above as if sitting on a table, thick dark warm-brown outline, soft baked lighting from the upper left, glossy highlight on the top surface, saturated friendly palette, subtle contact shadow under the object, centred, filling about 80% of the frame, transparent background, no text, no border, clean vector-painted finish, 512x512"
"src/sprites/items/skyegg.png","item","Dawn Egg","Sky Nest (Aurora Reach)","Dawn Egg — a teal-green aurora glow speckled egg, with rich gold accents. Step 5 of 5 in the ""Sky Nest"" merge chain, so it must read as precious: fine detailing, gold or gem accents, a soft glow around it. It has to be recognisable at 60px on a tile next to 4 relatives, so keep the silhouette simple and distinct. cartoon mobile merge-game asset, Travel Town / Merge Mansion style, 3/4 view from slightly above as if sitting on a table, thick dark warm-brown outline, soft baked lighting from the upper left, glossy highlight on the top surface, saturated friendly palette, subtle contact shadow under the object, centred, filling about 80% of the frame, transparent background, no text, no border, clean vector-painted finish, 512x512"
"src/sprites/items/silkscrap.png","item","Silk Scrap","Drift Yards (Aurora Reach)","Silk Scrap — a rose pink folded cloth. Step 1 of 5 in the ""Drift Yards"" merge chain, so it must read as the smallest, plainest thing in its chain — tiny, humble, no decoration. It has to be recognisable at 60px on a tile next to 4 relatives, so keep the silhouette simple and distinct. cartoon mobile merge-game asset, Travel Town / Merge Mansion style, 3/4 view from slightly above as if sitting on a table, thick dark warm-brown outline, soft baked lighting from the upper left, glossy highlight on the top surface, saturated friendly palette, subtle contact shadow under the object, centred, filling about 80% of the frame, transparent background, no text, no border, clean vector-painted finish, 512x512"
"src/sprites/items/silkbag.png","item","Silk Envelope","Drift Yards (Aurora Reach)","Silk Envelope — a rose pink tied sack, with pale cream accents. Step 2 of 5 in the ""Drift Yards"" merge chain, so it must read as a step up: a little bigger, a little tidier. It has to be recognisable at 60px on a tile next to 4 relatives, so keep the silhouette simple and distinct. cartoon mobile merge-game asset, Travel Town / Merge Mansion style, 3/4 view from slightly above as if sitting on a table, thick dark warm-brown outline, soft baked lighting from the upper left, glossy highlight on the top surface, saturated friendly palette, subtle contact shadow under the object, centred, filling about 80% of the frame, transparent background, no text, no border, clean vector-painted finish, 512x512"
"src/sprites/items/driftballoon.png","item","Drift Balloon","Drift Yards (Aurora Reach)","Drift Balloon — a rose pink hot-air balloon, with rich gold accents. Step 3 of 5 in the ""Drift Yards"" merge chain, so it must read as clearly made, not found: neat shape, one small metal or painted detail. It has to be recognisable at 60px on a tile next to 4 relatives, so keep the silhouette simple and distinct. cartoon mobile merge-game asset, Travel Town / Merge Mansion style, 3/4 view from slightly above as if sitting on a table, thick dark warm-brown outline, soft baked lighting from the upper left, glossy highlight on the top surface, saturated friendly palette, subtle contact shadow under the object, centred, filling about 80% of the frame, transparent background, no text, no border, clean vector-painted finish, 512x512"
"src/sprites/items/skyship.png","item","Sky Ship","Drift Yards (Aurora Reach)","Sky Ship — a dark rough bark small boat, with teal-green aurora glow accents. Step 4 of 5 in the ""Drift Yards"" merge chain, so it must read as handsome: richer colour, a trim or a band, a faint sheen. It has to be recognisable at 60px on a tile next to 4 relatives, so keep the silhouette simple and distinct. cartoon mobile merge-game asset, Travel Town / Merge Mansion style, 3/4 view from slightly above as if sitting on a table, thick dark warm-brown outline, soft baked lighting from the upper left, glossy highlight on the top surface, saturated friendly palette, subtle contact shadow under the object, centred, filling about 80% of the frame, transparent background, no text, no border, clean vector-painted finish, 512x512"
"src/sprites/items/reachheart.png","item","Reach Heart","Drift Yards (Aurora Reach)","Reach Heart — a teal-green aurora glow polished orb, with soft cyan glow accents. Step 5 of 5 in the ""Drift Yards"" merge chain, so it must read as precious: fine detailing, gold or gem accents, a soft glow around it. It has to be recognisable at 60px on a tile next to 4 relatives, so keep the silhouette simple and distinct. cartoon mobile merge-game asset, Travel Town / Merge Mansion style, 3/4 view from slightly above as if sitting on a table, thick dark warm-brown outline, soft baked lighting from the upper left, glossy highlight on the top surface, saturated friendly palette, subtle contact shadow under the object, centred, filling about 80% of the frame, transparent background, no text, no border, clean vector-painted finish, 512x512"
"src/sprites/items/scrap.png","item","Star Scrap","Meteor Finds (any)","Star Scrap — a bright polished steel ore chunk with veins, with golden starlight accents. Step 1 of 2 in the ""Meteor Finds"" merge chain, so it must read as the smallest, plainest thing in its chain — tiny, humble, no decoration. It has to be recognisable at 60px on a tile next to 1 relatives, so keep the silhouette simple and distinct. cartoon mobile merge-game asset, Travel Town / Merge Mansion style, 3/4 view from slightly above as if sitting on a table, thick dark warm-brown outline, soft baked lighting from the upper left, glossy highlight on the top surface, saturated friendly palette, subtle contact shadow under the object, centred, filling about 80% of the frame, transparent background, no text, no border, clean vector-painted finish, 512x512"
"src/sprites/items/starcore.png","item","Star Core","Meteor Finds (any)","Star Core — a golden starlight five-point star, with rich gold accents. Step 2 of 2 in the ""Meteor Finds"" merge chain, so it must read as a step up: a little bigger, a little tidier. It has to be recognisable at 60px on a tile next to 1 relatives, so keep the silhouette simple and distinct. cartoon mobile merge-game asset, Travel Town / Merge Mansion style, 3/4 view from slightly above as if sitting on a table, thick dark warm-brown outline, soft baked lighting from the upper left, glossy highlight on the top surface, saturated friendly palette, subtle contact shadow under the object, centred, filling about 80% of the frame, transparent background, no text, no border, clean vector-painted finish, 512x512"
"src/sprites/items/relic1.png","item","Sun Amber","Relics (any)","Sun Amber — a glowing amber honey cut gemstone, with rich gold accents. Step 1 of 5 in the ""Relics"" merge chain, so it must read as the smallest, plainest thing in its chain — tiny, humble, no decoration. It has to be recognisable at 60px on a tile next to 4 relatives, so keep the silhouette simple and distinct. cartoon mobile merge-game asset, Travel Town / Merge Mansion style, 3/4 view from slightly above as if sitting on a table, thick dark warm-brown outline, soft baked lighting from the upper left, glossy highlight on the top surface, saturated friendly palette, subtle contact shadow under the object, centred, filling about 80% of the frame, transparent background, no text, no border, clean vector-painted finish, 512x512"
"src/sprites/items/relic2.png","item","Prism Hearth","Relics (any)","Prism Hearth — a orange flame glass prism, with teal-green aurora glow accents. Step 2 of 5 in the ""Relics"" merge chain, so it must read as a step up: a little bigger, a little tidier. It has to be recognisable at 60px on a tile next to 4 relatives, so keep the silhouette simple and distinct. cartoon mobile merge-game asset, Travel Town / Merge Mansion style, 3/4 view from slightly above as if sitting on a table, thick dark warm-brown outline, soft baked lighting from the upper left, glossy highlight on the top surface, saturated friendly palette, subtle contact shadow under the object, centred, filling about 80% of the frame, transparent background, no text, no border, clean vector-painted finish, 512x512"
"src/sprites/items/relic3.png","item","Tide Compass","Relics (any)","Tide Compass — a blue sapphire brass compass, with rich gold accents. Step 3 of 5 in the ""Relics"" merge chain, so it must read as clearly made, not found: neat shape, one small metal or painted detail. It has to be recognisable at 60px on a tile next to 4 relatives, so keep the silhouette simple and distinct. cartoon mobile merge-game asset, Travel Town / Merge Mansion style, 3/4 view from slightly above as if sitting on a table, thick dark warm-brown outline, soft baked lighting from the upper left, glossy highlight on the top surface, saturated friendly palette, subtle contact shadow under the object, centred, filling about 80% of the frame, transparent background, no text, no border, clean vector-painted finish, 512x512"
"src/sprites/items/relic4.png","item","Grove Sigil","Relics (any)","Grove Sigil — a jade green carved totem, with soft cyan glow accents. Step 4 of 5 in the ""Relics"" merge chain, so it must read as handsome: richer colour, a trim or a band, a faint sheen. It has to be recognisable at 60px on a tile next to 4 relatives, so keep the silhouette simple and distinct. cartoon mobile merge-game asset, Travel Town / Merge Mansion style, 3/4 view from slightly above as if sitting on a table, thick dark warm-brown outline, soft baked lighting from the upper left, glossy highlight on the top surface, saturated friendly palette, subtle contact shadow under the object, centred, filling about 80% of the frame, transparent background, no text, no border, clean vector-painted finish, 512x512"
"src/sprites/items/relic5.png","item","Vault Key","Relics (any)","Vault Key — a rich gold ornate key, with teal-green aurora glow accents. Step 5 of 5 in the ""Relics"" merge chain, so it must read as precious: fine detailing, gold or gem accents, a soft glow around it. It has to be recognisable at 60px on a tile next to 4 relatives, so keep the silhouette simple and distinct. cartoon mobile merge-game asset, Travel Town / Merge Mansion style, 3/4 view from slightly above as if sitting on a table, thick dark warm-brown outline, soft baked lighting from the upper left, glossy highlight on the top surface, saturated friendly palette, subtle contact shadow under the object, centred, filling about 80% of the frame, transparent background, no text, no border, clean vector-painted finish, 512x512"
"src/sprites/items/bloomspark.png","item","Bloom Spark","Bloom Essence (any)","Bloom Spark — a soft cyan glow plump seed. Step 1 of 4 in the ""Bloom Essence"" merge chain, so it must read as the smallest, plainest thing in its chain — tiny, humble, no decoration. It has to be recognisable at 60px on a tile next to 3 relatives, so keep the silhouette simple and distinct. cartoon mobile merge-game asset, Travel Town / Merge Mansion style, 3/4 view from slightly above as if sitting on a table, thick dark warm-brown outline, soft baked lighting from the upper left, glossy highlight on the top surface, saturated friendly palette, subtle contact shadow under the object, centred, filling about 80% of the frame, transparent background, no text, no border, clean vector-painted finish, 512x512"
"src/sprites/items/bloommote.png","item","Bloom Mote","Bloom Essence (any)","Bloom Mote — a soft cyan glow pearl in a shell, with teal-green aurora glow accents. Step 2 of 4 in the ""Bloom Essence"" merge chain, so it must read as a step up: a little bigger, a little tidier. It has to be recognisable at 60px on a tile next to 3 relatives, so keep the silhouette simple and distinct. cartoon mobile merge-game asset, Travel Town / Merge Mansion style, 3/4 view from slightly above as if sitting on a table, thick dark warm-brown outline, soft baked lighting from the upper left, glossy highlight on the top surface, saturated friendly palette, subtle contact shadow under the object, centred, filling about 80% of the frame, transparent background, no text, no border, clean vector-painted finish, 512x512"
"src/sprites/items/bloomcore.png","item","Bloom Core","Bloom Essence (any)","Bloom Core — a jade green polished orb, with soft cyan glow accents. Step 3 of 4 in the ""Bloom Essence"" merge chain, so it must read as clearly made, not found: neat shape, one small metal or painted detail. It has to be recognisable at 60px on a tile next to 3 relatives, so keep the silhouette simple and distinct. cartoon mobile merge-game asset, Travel Town / Merge Mansion style, 3/4 view from slightly above as if sitting on a table, thick dark warm-brown outline, soft baked lighting from the upper left, glossy highlight on the top surface, saturated friendly palette, subtle contact shadow under the object, centred, filling about 80% of the frame, transparent background, no text, no border, clean vector-painted finish, 512x512"
"src/sprites/items/bloomheart.png","item","Bloom Heart","Bloom Essence (any)","Bloom Heart — a teal-green aurora glow polished orb, with soft cyan glow accents. Step 4 of 4 in the ""Bloom Essence"" merge chain, so it must read as handsome: richer colour, a trim or a band, a faint sheen. It has to be recognisable at 60px on a tile next to 3 relatives, so keep the silhouette simple and distinct. cartoon mobile merge-game asset, Travel Town / Merge Mansion style, 3/4 view from slightly above as if sitting on a table, thick dark warm-brown outline, soft baked lighting from the upper left, glossy highlight on the top surface, saturated friendly palette, subtle contact shadow under the object, centred, filling about 80% of the frame, transparent background, no text, no border, clean vector-painted finish, 512x512"
"src/sprites/items/rainbow.png","item","Wildcard","Wildcards (any)","Wildcard — a teal-green aurora glow polished orb, with soft cyan glow accents. Step 1 of 1 in the ""Wildcards"" merge chain, so it must read as the smallest, plainest thing in its chain — tiny, humble, no decoration. It has to be recognisable at 60px on a tile next to 0 relatives, so keep the silhouette simple and distinct. cartoon mobile merge-game asset, Travel Town / Merge Mansion style, 3/4 view from slightly above as if sitting on a table, thick dark warm-brown outline, soft baked lighting from the upper left, glossy highlight on the top surface, saturated friendly palette, subtle contact shadow under the object, centred, filling about 80% of the frame, transparent background, no text, no border, clean vector-painted finish, 512x512"
"src/sprites/items/bolt.png","item","Bolt","Rocket: Hull (ship)","Bolt — a bright polished steel cog wheel. Step 1 of 3 in the ""Rocket: Hull"" merge chain, so it must read as the smallest, plainest thing in its chain — tiny, humble, no decoration. It has to be recognisable at 60px on a tile next to 2 relatives, so keep the silhouette simple and distinct. cartoon mobile merge-game asset, Travel Town / Merge Mansion style, 3/4 view from slightly above as if sitting on a table, thick dark warm-brown outline, soft baked lighting from the upper left, glossy highlight on the top surface, saturated friendly palette, subtle contact shadow under the object, centred, filling about 80% of the frame, transparent background, no text, no border, clean vector-painted finish, 512x512"
"src/sprites/items/boltpack.png","item","Bolt Pack","Rocket: Hull (ship)","Bolt Pack — a bright polished steel wooden crate, with dull iron accents. Step 2 of 3 in the ""Rocket: Hull"" merge chain, so it must read as a step up: a little bigger, a little tidier. It has to be recognisable at 60px on a tile next to 2 relatives, so keep the silhouette simple and distinct. cartoon mobile merge-game asset, Travel Town / Merge Mansion style, 3/4 view from slightly above as if sitting on a table, thick dark warm-brown outline, soft baked lighting from the upper left, glossy highlight on the top surface, saturated friendly palette, subtle contact shadow under the object, centred, filling about 80% of the frame, transparent background, no text, no border, clean vector-painted finish, 512x512"
"src/sprites/items/hullplate.png","item","Hull Plate","Rocket: Hull (ship)","Hull Plate — a bright polished steel stack of planks, with pale silver accents. Step 3 of 3 in the ""Rocket: Hull"" merge chain, so it must read as clearly made, not found: neat shape, one small metal or painted detail. It has to be recognisable at 60px on a tile next to 2 relatives, so keep the silhouette simple and distinct. cartoon mobile merge-game asset, Travel Town / Merge Mansion style, 3/4 view from slightly above as if sitting on a table, thick dark warm-brown outline, soft baked lighting from the upper left, glossy highlight on the top surface, saturated friendly palette, subtle contact shadow under the object, centred, filling about 80% of the frame, transparent background, no text, no border, clean vector-painted finish, 512x512"
"src/sprites/items/spring.png","item","Spring","Rocket: Engine (ship)","Spring — a warm copper spiral coil. Step 1 of 3 in the ""Rocket: Engine"" merge chain, so it must read as the smallest, plainest thing in its chain — tiny, humble, no decoration. It has to be recognisable at 60px on a tile next to 2 relatives, so keep the silhouette simple and distinct. cartoon mobile merge-game asset, Travel Town / Merge Mansion style, 3/4 view from slightly above as if sitting on a table, thick dark warm-brown outline, soft baked lighting from the upper left, glossy highlight on the top surface, saturated friendly palette, subtle contact shadow under the object, centred, filling about 80% of the frame, transparent background, no text, no border, clean vector-painted finish, 512x512"
"src/sprites/items/coil.png","item","Coil","Rocket: Engine (ship)","Coil — a warm copper spiral coil, with rich gold accents. Step 2 of 3 in the ""Rocket: Engine"" merge chain, so it must read as a step up: a little bigger, a little tidier. It has to be recognisable at 60px on a tile next to 2 relatives, so keep the silhouette simple and distinct. cartoon mobile merge-game asset, Travel Town / Merge Mansion style, 3/4 view from slightly above as if sitting on a table, thick dark warm-brown outline, soft baked lighting from the upper left, glossy highlight on the top surface, saturated friendly palette, subtle contact shadow under the object, centred, filling about 80% of the frame, transparent background, no text, no border, clean vector-painted finish, 512x512"
"src/sprites/items/enginecore.png","item","Engine Core","Rocket: Engine (ship)","Engine Core — a dull iron cog wheel, with orange flame accents. Step 3 of 3 in the ""Rocket: Engine"" merge chain, so it must read as clearly made, not found: neat shape, one small metal or painted detail. It has to be recognisable at 60px on a tile next to 2 relatives, so keep the silhouette simple and distinct. cartoon mobile merge-game asset, Travel Town / Merge Mansion style, 3/4 view from slightly above as if sitting on a table, thick dark warm-brown outline, soft baked lighting from the upper left, glossy highlight on the top surface, saturated friendly palette, subtle contact shadow under the object, centred, filling about 80% of the frame, transparent background, no text, no border, clean vector-painted finish, 512x512"
"src/sprites/items/wire.png","item","Wire","Rocket: Nav Dish (ship)","Wire — a warm copper coil of rope. Step 1 of 3 in the ""Rocket: Nav Dish"" merge chain, so it must read as the smallest, plainest thing in its chain — tiny, humble, no decoration. It has to be recognisable at 60px on a tile next to 2 relatives, so keep the silhouette simple and distinct. cartoon mobile merge-game asset, Travel Town / Merge Mansion style, 3/4 view from slightly above as if sitting on a table, thick dark warm-brown outline, soft baked lighting from the upper left, glossy highlight on the top surface, saturated friendly palette, subtle contact shadow under the object, centred, filling about 80% of the frame, transparent background, no text, no border, clean vector-painted finish, 512x512"
"src/sprites/items/circuit.png","item","Circuit","Rocket: Nav Dish (ship)","Circuit — a jade green stack of planks, with rich gold accents. Step 2 of 3 in the ""Rocket: Nav Dish"" merge chain, so it must read as a step up: a little bigger, a little tidier. It has to be recognisable at 60px on a tile next to 2 relatives, so keep the silhouette simple and distinct. cartoon mobile merge-game asset, Travel Town / Merge Mansion style, 3/4 view from slightly above as if sitting on a table, thick dark warm-brown outline, soft baked lighting from the upper left, glossy highlight on the top surface, saturated friendly palette, subtle contact shadow under the object, centred, filling about 80% of the frame, transparent background, no text, no border, clean vector-painted finish, 512x512"
"src/sprites/items/navdish.png","item","Nav Dish","Rocket: Nav Dish (ship)","Nav Dish — a pale silver brass compass, with blue sapphire accents. Step 3 of 3 in the ""Rocket: Nav Dish"" merge chain, so it must read as clearly made, not found: neat shape, one small metal or painted detail. It has to be recognisable at 60px on a tile next to 2 relatives, so keep the silhouette simple and distinct. cartoon mobile merge-game asset, Travel Town / Merge Mansion style, 3/4 view from slightly above as if sitting on a table, thick dark warm-brown outline, soft baked lighting from the upper left, glossy highlight on the top surface, saturated friendly palette, subtle contact shadow under the object, centred, filling about 80% of the frame, transparent background, no text, no border, clean vector-painted finish, 512x512"
"src/sprites/items/glass.png","item","Glass Pane","Rocket: Fuel Tank (ship)","Glass Pane — a pale blue glass ice shard. Step 1 of 3 in the ""Rocket: Fuel Tank"" merge chain, so it must read as the smallest, plainest thing in its chain — tiny, humble, no decoration. It has to be recognisable at 60px on a tile next to 2 relatives, so keep the silhouette simple and distinct. cartoon mobile merge-game asset, Travel Town / Merge Mansion style, 3/4 view from slightly above as if sitting on a table, thick dark warm-brown outline, soft baked lighting from the upper left, glossy highlight on the top surface, saturated friendly palette, subtle contact shadow under the object, centred, filling about 80% of the frame, transparent background, no text, no border, clean vector-painted finish, 512x512"
"src/sprites/items/tankglass.png","item","Tank Glass","Rocket: Fuel Tank (ship)","Tank Glass — a pale blue glass wooden crate, with bright polished steel accents. Step 2 of 3 in the ""Rocket: Fuel Tank"" merge chain, so it must read as a step up: a little bigger, a little tidier. It has to be recognisable at 60px on a tile next to 2 relatives, so keep the silhouette simple and distinct. cartoon mobile merge-game asset, Travel Town / Merge Mansion style, 3/4 view from slightly above as if sitting on a table, thick dark warm-brown outline, soft baked lighting from the upper left, glossy highlight on the top surface, saturated friendly palette, subtle contact shadow under the object, centred, filling about 80% of the frame, transparent background, no text, no border, clean vector-painted finish, 512x512"
"src/sprites/items/fueltank.png","item","Fuel Tank","Rocket: Fuel Tank (ship)","Fuel Tank — a bright polished steel wooden barrel, with soft cyan glow accents. Step 3 of 3 in the ""Rocket: Fuel Tank"" merge chain, so it must read as clearly made, not found: neat shape, one small metal or painted detail. It has to be recognisable at 60px on a tile next to 2 relatives, so keep the silhouette simple and distinct. cartoon mobile merge-game asset, Travel Town / Merge Mansion style, 3/4 view from slightly above as if sitting on a table, thick dark warm-brown outline, soft baked lighting from the upper left, glossy highlight on the top surface, saturated friendly palette, subtle contact shadow under the object, centred, filling about 80% of the frame, transparent background, no text, no border, clean vector-painted finish, 512x512"
"src/sprites/items/fuelore.png","item","Fuel Ore","Rocket Fuel (ship)","Fuel Ore — a soft cyan glow ore chunk with veins, with jade green accents. Step 1 of 3 in the ""Rocket Fuel"" merge chain, so it must read as the smallest, plainest thing in its chain — tiny, humble, no decoration. It has to be recognisable at 60px on a tile next to 2 relatives, so keep the silhouette simple and distinct. cartoon mobile merge-game asset, Travel Town / Merge Mansion style, 3/4 view from slightly above as if sitting on a table, thick dark warm-brown outline, soft baked lighting from the upper left, glossy highlight on the top surface, saturated friendly palette, subtle contact shadow under the object, centred, filling about 80% of the frame, transparent background, no text, no border, clean vector-painted finish, 512x512"
"src/sprites/items/fuelcan.png","item","Fuel Canister","Rocket Fuel (ship)","Fuel Canister — a jade green corked bottle, with soft cyan glow accents. Step 2 of 3 in the ""Rocket Fuel"" merge chain, so it must read as a step up: a little bigger, a little tidier. It has to be recognisable at 60px on a tile next to 2 relatives, so keep the silhouette simple and distinct. cartoon mobile merge-game asset, Travel Town / Merge Mansion style, 3/4 view from slightly above as if sitting on a table, thick dark warm-brown outline, soft baked lighting from the upper left, glossy highlight on the top surface, saturated friendly palette, subtle contact shadow under the object, centred, filling about 80% of the frame, transparent background, no text, no border, clean vector-painted finish, 512x512"
"src/sprites/items/rocketfuel.png","item","Rocket Fuel","Rocket Fuel (ship)","Rocket Fuel — a soft cyan glow round lab flask, with teal-green aurora glow accents. Step 3 of 3 in the ""Rocket Fuel"" merge chain, so it must read as clearly made, not found: neat shape, one small metal or painted detail. It has to be recognisable at 60px on a tile next to 2 relatives, so keep the silhouette simple and distinct. cartoon mobile merge-game asset, Travel Town / Merge Mansion style, 3/4 view from slightly above as if sitting on a table, thick dark warm-brown outline, soft baked lighting from the upper left, glossy highlight on the top surface, saturated friendly palette, subtle contact shadow under the object, centred, filling about 80% of the frame, transparent background, no text, no border, clean vector-painted finish, 512x512"
"src/sprites/producers/tree.png","producer","Big Tree","producer","Big Tree — a painted big tree rooted on a small mound of earth, a source the player taps for Twig, Branch. Slightly taller than wide, planted and heavy, clearly scenery rather than loot; the mound is part of the sprite. cartoon mobile merge-game asset, Travel Town / Merge Mansion style, 3/4 view from slightly above as if sitting on a table, thick dark warm-brown outline, soft baked lighting from the upper left, glossy highlight on the top surface, saturated friendly palette, subtle contact shadow under the object, centred, filling about 80% of the frame, transparent background, no text, no border, clean vector-painted finish, 512x512"
"src/sprites/producers/rocks.png","producer","Rock Pile","producer","Rock Pile — a painted rock pile rooted on a small mound of earth, a source the player taps for Pebble, Rock. Slightly taller than wide, planted and heavy, clearly scenery rather than loot; the mound is part of the sprite. cartoon mobile merge-game asset, Travel Town / Merge Mansion style, 3/4 view from slightly above as if sitting on a table, thick dark warm-brown outline, soft baked lighting from the upper left, glossy highlight on the top surface, saturated friendly palette, subtle contact shadow under the object, centred, filling about 80% of the frame, transparent background, no text, no border, clean vector-painted finish, 512x512"
"src/sprites/producers/bush.png","producer","Berry Bush","producer","Berry Bush — a painted berry bush rooted on a small mound of earth, a source the player taps for Berry, Berry Bunch. Slightly taller than wide, planted and heavy, clearly scenery rather than loot; the mound is part of the sprite. cartoon mobile merge-game asset, Travel Town / Merge Mansion style, 3/4 view from slightly above as if sitting on a table, thick dark warm-brown outline, soft baked lighting from the upper left, glossy highlight on the top surface, saturated friendly palette, subtle contact shadow under the object, centred, filling about 80% of the frame, transparent background, no text, no border, clean vector-painted finish, 512x512"
"src/sprites/producers/well.png","producer","Old Well","producer","Old Well — a painted old well rooted on a small mound of earth, a source the player taps for Dewdrop, Puddle. Slightly taller than wide, planted and heavy, clearly scenery rather than loot; the mound is part of the sprite. cartoon mobile merge-game asset, Travel Town / Merge Mansion style, 3/4 view from slightly above as if sitting on a table, thick dark warm-brown outline, soft baked lighting from the upper left, glossy highlight on the top surface, saturated friendly palette, subtle contact shadow under the object, centred, filling about 80% of the frame, transparent background, no text, no border, clean vector-painted finish, 512x512"
"src/sprites/producers/meadow.png","producer","Hay Meadow","producer","Hay Meadow — a painted hay meadow rooted on a small mound of earth, a source the player taps for Grass Tuft, Hay Bundle. Slightly taller than wide, planted and heavy, clearly scenery rather than loot; the mound is part of the sprite. cartoon mobile merge-game asset, Travel Town / Merge Mansion style, 3/4 view from slightly above as if sitting on a table, thick dark warm-brown outline, soft baked lighting from the upper left, glossy highlight on the top surface, saturated friendly palette, subtle contact shadow under the object, centred, filling about 80% of the frame, transparent background, no text, no border, clean vector-painted finish, 512x512"
"src/sprites/producers/flowerbed.png","producer","Flower Bed","producer","Flower Bed — a rose pink five-petal flower rooted on a small mound of bright moss green, a source the player taps for Flower Seed, Green Sprig. Slightly taller than wide, planted and heavy, clearly scenery rather than loot; the mound is part of the sprite. cartoon mobile merge-game asset, Travel Town / Merge Mansion style, 3/4 view from slightly above as if sitting on a table, thick dark warm-brown outline, soft baked lighting from the upper left, glossy highlight on the top surface, saturated friendly palette, subtle contact shadow under the object, centred, filling about 80% of the frame, transparent background, no text, no border, clean vector-painted finish, 512x512"
"src/sprites/producers/hive.png","producer","Wild Hive","producer","Wild Hive — a glowing amber honey honeycomb rooted on a small mound of dark rough bark, a source the player taps for Nectar Drop, Honey Bead. Slightly taller than wide, planted and heavy, clearly scenery rather than loot; the mound is part of the sprite. cartoon mobile merge-game asset, Travel Town / Merge Mansion style, 3/4 view from slightly above as if sitting on a table, thick dark warm-brown outline, soft baked lighting from the upper left, glossy highlight on the top surface, saturated friendly palette, subtle contact shadow under the object, centred, filling about 80% of the frame, transparent background, no text, no border, clean vector-painted finish, 512x512"
"src/sprites/producers/mosslog.png","producer","Mossy Log","producer","Mossy Log — a bright moss green cut log rooted on a small mound of bright moss green, a source the player taps for Tiny Cap, Toadstool. Slightly taller than wide, planted and heavy, clearly scenery rather than loot; the mound is part of the sprite. cartoon mobile merge-game asset, Travel Town / Merge Mansion style, 3/4 view from slightly above as if sitting on a table, thick dark warm-brown outline, soft baked lighting from the upper left, glossy highlight on the top surface, saturated friendly palette, subtle contact shadow under the object, centred, filling about 80% of the frame, transparent background, no text, no border, clean vector-painted finish, 512x512"
"src/sprites/producers/cottonpatch.png","producer","Cotton Patch","producer","Cotton Patch — a pale cream puffy cloud rooted on a small mound of bright moss green, a source the player taps for Plant Fibre, Spool of Thread. Slightly taller than wide, planted and heavy, clearly scenery rather than loot; the mound is part of the sprite. cartoon mobile merge-game asset, Travel Town / Merge Mansion style, 3/4 view from slightly above as if sitting on a table, thick dark warm-brown outline, soft baked lighting from the upper left, glossy highlight on the top surface, saturated friendly palette, subtle contact shadow under the object, centred, filling about 80% of the frame, transparent background, no text, no border, clean vector-painted finish, 512x512"
"src/sprites/producers/nestbox.png","producer","Nest Box","producer","Nest Box — a dark rough bark little house rooted on a small mound of bright moss green, a source the player taps for Down Tuft, Feather. Slightly taller than wide, planted and heavy, clearly scenery rather than loot; the mound is part of the sprite. cartoon mobile merge-game asset, Travel Town / Merge Mansion style, 3/4 view from slightly above as if sitting on a table, thick dark warm-brown outline, soft baked lighting from the upper left, glossy highlight on the top surface, saturated friendly palette, subtle contact shadow under the object, centred, filling about 80% of the frame, transparent background, no text, no border, clean vector-painted finish, 512x512"
"src/sprites/producers/claypit.png","producer","Clay Pit","producer","Clay Pit — a terracotta clay clay pot rooted on a small mound of terracotta clay, a source the player taps for Clay Daub, Clay Lump. Slightly taller than wide, planted and heavy, clearly scenery rather than loot; the mound is part of the sprite. cartoon mobile merge-game asset, Travel Town / Merge Mansion style, 3/4 view from slightly above as if sitting on a table, thick dark warm-brown outline, soft baked lighting from the upper left, glossy highlight on the top surface, saturated friendly palette, subtle contact shadow under the object, centred, filling about 80% of the frame, transparent background, no text, no border, clean vector-painted finish, 512x512"
"src/sprites/producers/grubmound.png","producer","Grub Mound","producer","Grub Mound — a pale cream silk cocoon rooted on a small mound of bright moss green, a source the player taps for Grub, Chrysalis. Slightly taller than wide, planted and heavy, clearly scenery rather than loot; the mound is part of the sprite. cartoon mobile merge-game asset, Travel Town / Merge Mansion style, 3/4 view from slightly above as if sitting on a table, thick dark warm-brown outline, soft baked lighting from the upper left, glossy highlight on the top surface, saturated friendly palette, subtle contact shadow under the object, centred, filling about 80% of the frame, transparent background, no text, no border, clean vector-painted finish, 512x512"
"src/sprites/producers/geyser.png","producer","Moon Geyser","producer","Moon Geyser — a painted moon geyser rooted on a small mound of earth, a source the player taps for Moon Rock, Moon Shard. Slightly taller than wide, planted and heavy, clearly scenery rather than loot; the mound is part of the sprite. cartoon mobile merge-game asset, Travel Town / Merge Mansion style, 3/4 view from slightly above as if sitting on a table, thick dark warm-brown outline, soft baked lighting from the upper left, glossy highlight on the top surface, saturated friendly palette, subtle contact shadow under the object, centred, filling about 80% of the frame, transparent background, no text, no border, clean vector-painted finish, 512x512"
"src/sprites/producers/glowpod.png","producer","Glow Pod","producer","Glow Pod — a painted glow pod rooted on a small mound of earth, a source the player taps for Glow Spore, Glow Bulb. Slightly taller than wide, planted and heavy, clearly scenery rather than loot; the mound is part of the sprite. cartoon mobile merge-game asset, Travel Town / Merge Mansion style, 3/4 view from slightly above as if sitting on a table, thick dark warm-brown outline, soft baked lighting from the upper left, glossy highlight on the top surface, saturated friendly palette, subtle contact shadow under the object, centred, filling about 80% of the frame, transparent background, no text, no border, clean vector-painted finish, 512x512"
"src/sprites/producers/dustflat.png","producer","Dust Flat","producer","Dust Flat — a warm sand big boulder rooted on a small mound of blue-grey slate, a source the player taps for Dust Pinch, Dust Clump. Slightly taller than wide, planted and heavy, clearly scenery rather than loot; the mound is part of the sprite. cartoon mobile merge-game asset, Travel Town / Merge Mansion style, 3/4 view from slightly above as if sitting on a table, thick dark warm-brown outline, soft baked lighting from the upper left, glossy highlight on the top surface, saturated friendly palette, subtle contact shadow under the object, centred, filling about 80% of the frame, transparent background, no text, no border, clean vector-painted finish, 512x512"
"src/sprites/producers/icevein.png","producer","Ice Vein","producer","Ice Vein — a pale blue ice ice shard rooted on a small mound of blue-grey slate, a source the player taps for Frost Chip, Ice Shard. Slightly taller than wide, planted and heavy, clearly scenery rather than loot; the mound is part of the sprite. cartoon mobile merge-game asset, Travel Town / Merge Mansion style, 3/4 view from slightly above as if sitting on a table, thick dark warm-brown outline, soft baked lighting from the upper left, glossy highlight on the top surface, saturated friendly palette, subtle contact shadow under the object, centred, filling about 80% of the frame, transparent background, no text, no border, clean vector-painted finish, 512x512"
"src/sprites/producers/crystalspire.png","producer","Crystal Spire","producer","Crystal Spire — a clear cyan crystal faceted crystal shard rooted on a small mound of blue-grey slate, a source the player taps for Crystal Chip, Prism Shard. Slightly taller than wide, planted and heavy, clearly scenery rather than loot; the mound is part of the sprite. cartoon mobile merge-game asset, Travel Town / Merge Mansion style, 3/4 view from slightly above as if sitting on a table, thick dark warm-brown outline, soft baked lighting from the upper left, glossy highlight on the top surface, saturated friendly palette, subtle contact shadow under the object, centred, filling about 80% of the frame, transparent background, no text, no border, clean vector-painted finish, 512x512"
"src/sprites/producers/wickpod.png","producer","Wick Pod","producer","Wick Pod — a rich gold hanging lantern rooted on a small mound of blue-grey slate, a source the player taps for Wick, Lamp Glass. Slightly taller than wide, planted and heavy, clearly scenery rather than loot; the mound is part of the sprite. cartoon mobile merge-game asset, Travel Town / Merge Mansion style, 3/4 view from slightly above as if sitting on a table, thick dark warm-brown outline, soft baked lighting from the upper left, glossy highlight on the top surface, saturated friendly palette, subtle contact shadow under the object, centred, filling about 80% of the frame, transparent background, no text, no border, clean vector-painted finish, 512x512"
"src/sprites/producers/silverseam.png","producer","Silver Seam","producer","Silver Seam — a pale silver ore chunk with veins rooted on a small mound of blue-grey slate, a source the player taps for Silver Ore, Silver Nugget. Slightly taller than wide, planted and heavy, clearly scenery rather than loot; the mound is part of the sprite. cartoon mobile merge-game asset, Travel Town / Merge Mansion style, 3/4 view from slightly above as if sitting on a table, thick dark warm-brown outline, soft baked lighting from the upper left, glossy highlight on the top surface, saturated friendly palette, subtle contact shadow under the object, centred, filling about 80% of the frame, transparent background, no text, no border, clean vector-painted finish, 512x512"
"src/sprites/producers/comettrail.png","producer","Comet Trail","producer","Comet Trail — a golden starlight comet with a tail rooted on a small mound of blue-grey slate, a source the player taps for Comet Dust, Comet Ice. Slightly taller than wide, planted and heavy, clearly scenery rather than loot; the mound is part of the sprite. cartoon mobile merge-game asset, Travel Town / Merge Mansion style, 3/4 view from slightly above as if sitting on a table, thick dark warm-brown outline, soft baked lighting from the upper left, glossy highlight on the top surface, saturated friendly palette, subtle contact shadow under the object, centred, filling about 80% of the frame, transparent background, no text, no border, clean vector-painted finish, 512x512"
"src/sprites/producers/mothpod.png","producer","Moth Pod","producer","Moth Pod — a mint green butterfly rooted on a small mound of blue-grey slate, a source the player taps for Moth Egg, Silk Cocoon. Slightly taller than wide, planted and heavy, clearly scenery rather than loot; the mound is part of the sprite. cartoon mobile merge-game asset, Travel Town / Merge Mansion style, 3/4 view from slightly above as if sitting on a table, thick dark warm-brown outline, soft baked lighting from the upper left, glossy highlight on the top surface, saturated friendly palette, subtle contact shadow under the object, centred, filling about 80% of the frame, transparent background, no text, no border, clean vector-painted finish, 512x512"
"src/sprites/producers/lavavent.png","producer","Lava Vent","producer","Lava Vent — a painted lava vent rooted on a small mound of earth, a source the player taps for Ember, Cinder. Slightly taller than wide, planted and heavy, clearly scenery rather than loot; the mound is part of the sprite. cartoon mobile merge-game asset, Travel Town / Merge Mansion style, 3/4 view from slightly above as if sitting on a table, thick dark warm-brown outline, soft baked lighting from the upper left, glossy highlight on the top surface, saturated friendly palette, subtle contact shadow under the object, centred, filling about 80% of the frame, transparent background, no text, no border, clean vector-painted finish, 512x512"
"src/sprites/producers/shroomlog.png","producer","Shroom Log","producer","Shroom Log — a painted shroom log rooted on a small mound of earth, a source the player taps for Ash Spore, Ash Shroom. Slightly taller than wide, planted and heavy, clearly scenery rather than loot; the mound is part of the sprite. cartoon mobile merge-game asset, Travel Town / Merge Mansion style, 3/4 view from slightly above as if sitting on a table, thick dark warm-brown outline, soft baked lighting from the upper left, glossy highlight on the top surface, saturated friendly palette, subtle contact shadow under the object, centred, filling about 80% of the frame, transparent background, no text, no border, clean vector-painted finish, 512x512"
"src/sprites/producers/ironseam.png","producer","Iron Seam","producer","Iron Seam — a dull iron ore chunk with veins rooted on a small mound of near-black purple obsidian, a source the player taps for Iron Ore, Iron Nugget. Slightly taller than wide, planted and heavy, clearly scenery rather than loot; the mound is part of the sprite. cartoon mobile merge-game asset, Travel Town / Merge Mansion style, 3/4 view from slightly above as if sitting on a table, thick dark warm-brown outline, soft baked lighting from the upper left, glossy highlight on the top surface, saturated friendly palette, subtle contact shadow under the object, centred, filling about 80% of the frame, transparent background, no text, no border, clean vector-painted finish, 512x512"
"src/sprites/producers/obsidslab.png","producer","Obsidian Slab","producer","Obsidian Slab — a near-black purple obsidian big boulder rooted on a small mound of near-black purple obsidian, a source the player taps for Obsidian Chip, Obsidian Shard. Slightly taller than wide, planted and heavy, clearly scenery rather than loot; the mound is part of the sprite. cartoon mobile merge-game asset, Travel Town / Merge Mansion style, 3/4 view from slightly above as if sitting on a table, thick dark warm-brown outline, soft baked lighting from the upper left, glossy highlight on the top surface, saturated friendly palette, subtle contact shadow under the object, centred, filling about 80% of the frame, transparent background, no text, no border, clean vector-painted finish, 512x512"
"src/sprites/producers/sandpit.png","producer","Hot Sand Pit","producer","Hot Sand Pit — a warm sand smooth pebble rooted on a small mound of near-black purple obsidian, a source the player taps for Hot Sand, Molten Glass. Slightly taller than wide, planted and heavy, clearly scenery rather than loot; the mound is part of the sprite. cartoon mobile merge-game asset, Travel Town / Merge Mansion style, 3/4 view from slightly above as if sitting on a table, thick dark warm-brown outline, soft baked lighting from the upper left, glossy highlight on the top surface, saturated friendly palette, subtle contact shadow under the object, centred, filling about 80% of the frame, transparent background, no text, no border, clean vector-painted finish, 512x512"
"src/sprites/producers/coalpit.png","producer","Coal Pit","producer","Coal Pit — a charcoal black ore chunk with veins rooted on a small mound of near-black purple obsidian, a source the player taps for Coal Lump, Coal Brick. Slightly taller than wide, planted and heavy, clearly scenery rather than loot; the mound is part of the sprite. cartoon mobile merge-game asset, Travel Town / Merge Mansion style, 3/4 view from slightly above as if sitting on a table, thick dark warm-brown outline, soft baked lighting from the upper left, glossy highlight on the top surface, saturated friendly palette, subtle contact shadow under the object, centred, filling about 80% of the frame, transparent background, no text, no border, clean vector-painted finish, 512x512"
"src/sprites/producers/spicevine.png","producer","Spice Vine","producer","Spice Vine — a rusty orange-brown cluster of berries rooted on a small mound of near-black purple obsidian, a source the player taps for Pepper Pod, Spice Pouch. Slightly taller than wide, planted and heavy, clearly scenery rather than loot; the mound is part of the sprite. cartoon mobile merge-game asset, Travel Town / Merge Mansion style, 3/4 view from slightly above as if sitting on a table, thick dark warm-brown outline, soft baked lighting from the upper left, glossy highlight on the top surface, saturated friendly palette, subtle contact shadow under the object, centred, filling about 80% of the frame, transparent background, no text, no border, clean vector-painted finish, 512x512"
"src/sprites/producers/copperseam.png","producer","Copper Seam","producer","Copper Seam — a warm copper ore chunk with veins rooted on a small mound of near-black purple obsidian, a source the player taps for Copper Ore, Copper Nugget. Slightly taller than wide, planted and heavy, clearly scenery rather than loot; the mound is part of the sprite. cartoon mobile merge-game asset, Travel Town / Merge Mansion style, 3/4 view from slightly above as if sitting on a table, thick dark warm-brown outline, soft baked lighting from the upper left, glossy highlight on the top surface, saturated friendly palette, subtle contact shadow under the object, centred, filling about 80% of the frame, transparent background, no text, no border, clean vector-painted finish, 512x512"
"src/sprites/producers/ashnest.png","producer","Ash Nest","producer","Ash Nest — a grey smoke feather rooted on a small mound of near-black purple obsidian, a source the player taps for Ash Feather, Ember Egg. Slightly taller than wide, planted and heavy, clearly scenery rather than loot; the mound is part of the sprite. cartoon mobile merge-game asset, Travel Town / Merge Mansion style, 3/4 view from slightly above as if sitting on a table, thick dark warm-brown outline, soft baked lighting from the upper left, glossy highlight on the top surface, saturated friendly palette, subtle contact shadow under the object, centred, filling about 80% of the frame, transparent background, no text, no border, clean vector-painted finish, 512x512"
"src/sprites/producers/shellbed.png","producer","Shell Bed","producer","Shell Bed — a pale shell pink spiral seashell rooted on a small mound of warm sand, a source the player taps for Shell Chip, Sea Shell. Slightly taller than wide, planted and heavy, clearly scenery rather than loot; the mound is part of the sprite. cartoon mobile merge-game asset, Travel Town / Merge Mansion style, 3/4 view from slightly above as if sitting on a table, thick dark warm-brown outline, soft baked lighting from the upper left, glossy highlight on the top surface, saturated friendly palette, subtle contact shadow under the object, centred, filling about 80% of the frame, transparent background, no text, no border, clean vector-painted finish, 512x512"
"src/sprites/producers/kelpbed.png","producer","Kelp Bed","producer","Kelp Bed — a dark sea green fern frond rooted on a small mound of warm sand, a source the player taps for Kelp Leaf, Kelp Frond. Slightly taller than wide, planted and heavy, clearly scenery rather than loot; the mound is part of the sprite. cartoon mobile merge-game asset, Travel Town / Merge Mansion style, 3/4 view from slightly above as if sitting on a table, thick dark warm-brown outline, soft baked lighting from the upper left, glossy highlight on the top surface, saturated friendly palette, subtle contact shadow under the object, centred, filling about 80% of the frame, transparent background, no text, no border, clean vector-painted finish, 512x512"
"src/sprites/producers/oysterbed.png","producer","Oyster Bed","producer","Oyster Bed — a iridescent pearl white spiral seashell rooted on a small mound of warm sand, a source the player taps for Grain of Grit, Seed Pearl. Slightly taller than wide, planted and heavy, clearly scenery rather than loot; the mound is part of the sprite. cartoon mobile merge-game asset, Travel Town / Merge Mansion style, 3/4 view from slightly above as if sitting on a table, thick dark warm-brown outline, soft baked lighting from the upper left, glossy highlight on the top surface, saturated friendly palette, subtle contact shadow under the object, centred, filling about 80% of the frame, transparent background, no text, no border, clean vector-painted finish, 512x512"
"src/sprites/producers/coralhead.png","producer","Coral Head","producer","Coral Head — a coral pink branching coral rooted on a small mound of warm sand, a source the player taps for Coral Bud, Coral Sprig. Slightly taller than wide, planted and heavy, clearly scenery rather than loot; the mound is part of the sprite. cartoon mobile merge-game asset, Travel Town / Merge Mansion style, 3/4 view from slightly above as if sitting on a table, thick dark warm-brown outline, soft baked lighting from the upper left, glossy highlight on the top surface, saturated friendly palette, subtle contact shadow under the object, centred, filling about 80% of the frame, transparent background, no text, no border, clean vector-painted finish, 512x512"
"src/sprites/producers/fishtrap.png","producer","Fish Trap","producer","Fish Trap — a tan rope woven basket rooted on a small mound of warm sand, a source the player taps for Minnow, Silverfin. Slightly taller than wide, planted and heavy, clearly scenery rather than loot; the mound is part of the sprite. cartoon mobile merge-game asset, Travel Town / Merge Mansion style, 3/4 view from slightly above as if sitting on a table, thick dark warm-brown outline, soft baked lighting from the upper left, glossy highlight on the top surface, saturated friendly palette, subtle contact shadow under the object, centred, filling about 80% of the frame, transparent background, no text, no border, clean vector-painted finish, 512x512"
"src/sprites/producers/tidepool.png","producer","Tide Pool","producer","Tide Pool — a clear blue water soap bubble rooted on a small mound of warm sand, a source the player taps for Sea Bubble, Sea Foam. Slightly taller than wide, planted and heavy, clearly scenery rather than loot; the mound is part of the sprite. cartoon mobile merge-game asset, Travel Town / Merge Mansion style, 3/4 view from slightly above as if sitting on a table, thick dark warm-brown outline, soft baked lighting from the upper left, glossy highlight on the top surface, saturated friendly palette, subtle contact shadow under the object, centred, filling about 80% of the frame, transparent background, no text, no border, clean vector-painted finish, 512x512"
"src/sprites/producers/saltpan.png","producer","Salt Pan","producer","Salt Pan — a pale cream metal ingot rooted on a small mound of warm sand, a source the player taps for Salt Grain, Salt Cake. Slightly taller than wide, planted and heavy, clearly scenery rather than loot; the mound is part of the sprite. cartoon mobile merge-game asset, Travel Town / Merge Mansion style, 3/4 view from slightly above as if sitting on a table, thick dark warm-brown outline, soft baked lighting from the upper left, glossy highlight on the top surface, saturated friendly palette, subtle contact shadow under the object, centred, filling about 80% of the frame, transparent background, no text, no border, clean vector-painted finish, 512x512"
"src/sprites/producers/wrecksite.png","producer","Wreck Site","producer","Wreck Site — a ivory bone small boat rooted on a small mound of warm sand, a source the player taps for Driftwood Bit, Driftwood. Slightly taller than wide, planted and heavy, clearly scenery rather than loot; the mound is part of the sprite. cartoon mobile merge-game asset, Travel Town / Merge Mansion style, 3/4 view from slightly above as if sitting on a table, thick dark warm-brown outline, soft baked lighting from the upper left, glossy highlight on the top surface, saturated friendly palette, subtle contact shadow under the object, centred, filling about 80% of the frame, transparent background, no text, no border, clean vector-painted finish, 512x512"
"src/sprites/producers/lightvent.png","producer","Light Vent","producer","Light Vent — a violet spore pearl in a shell rooted on a small mound of deep ocean blue, a source the player taps for Plankton Mote, Jelly Bell. Slightly taller than wide, planted and heavy, clearly scenery rather than loot; the mound is part of the sprite. cartoon mobile merge-game asset, Travel Town / Merge Mansion style, 3/4 view from slightly above as if sitting on a table, thick dark warm-brown outline, soft baked lighting from the upper left, glossy highlight on the top surface, saturated friendly palette, subtle contact shadow under the object, centred, filling about 80% of the frame, transparent background, no text, no border, clean vector-painted finish, 512x512"
"src/sprites/producers/cloudbank.png","producer","Cloud Bank","producer","Cloud Bank — a soft blue-white cloud puffy cloud rooted on a small mound of soft blue-white cloud, a source the player taps for Wisp, Cloudlet. Slightly taller than wide, planted and heavy, clearly scenery rather than loot; the mound is part of the sprite. cartoon mobile merge-game asset, Travel Town / Merge Mansion style, 3/4 view from slightly above as if sitting on a table, thick dark warm-brown outline, soft baked lighting from the upper left, glossy highlight on the top surface, saturated friendly palette, subtle contact shadow under the object, centred, filling about 80% of the frame, transparent background, no text, no border, clean vector-painted finish, 512x512"
"src/sprites/producers/auroraloom.png","producer","Aurora Loom","producer","Aurora Loom — a teal-green aurora glow spiral coil rooted on a small mound of dusky violet, a source the player taps for Aurora Thread, Aurora Silk. Slightly taller than wide, planted and heavy, clearly scenery rather than loot; the mound is part of the sprite. cartoon mobile merge-game asset, Travel Town / Merge Mansion style, 3/4 view from slightly above as if sitting on a table, thick dark warm-brown outline, soft baked lighting from the upper left, glossy highlight on the top surface, saturated friendly palette, subtle contact shadow under the object, centred, filling about 80% of the frame, transparent background, no text, no border, clean vector-painted finish, 512x512"
"src/sprites/producers/starcradle.png","producer","Star Cradle","producer","Star Cradle — a golden starlight five-point star rooted on a small mound of dusky violet, a source the player taps for Stardust, Star Spark. Slightly taller than wide, planted and heavy, clearly scenery rather than loot; the mound is part of the sprite. cartoon mobile merge-game asset, Travel Town / Merge Mansion style, 3/4 view from slightly above as if sitting on a table, thick dark warm-brown outline, soft baked lighting from the upper left, glossy highlight on the top surface, saturated friendly palette, subtle contact shadow under the object, centred, filling about 80% of the frame, transparent background, no text, no border, clean vector-painted finish, 512x512"
"src/sprites/producers/windvanep.png","producer","Wind Vane","producer","Wind Vane — a pale silver brass compass rooted on a small mound of soft blue-white cloud, a source the player taps for Breeze, Gust. Slightly taller than wide, planted and heavy, clearly scenery rather than loot; the mound is part of the sprite. cartoon mobile merge-game asset, Travel Town / Merge Mansion style, 3/4 view from slightly above as if sitting on a table, thick dark warm-brown outline, soft baked lighting from the upper left, glossy highlight on the top surface, saturated friendly palette, subtle contact shadow under the object, centred, filling about 80% of the frame, transparent background, no text, no border, clean vector-painted finish, 512x512"
"src/sprites/producers/skytree.png","producer","Sky Orchard","producer","Sky Orchard — a golden topaz round fruit rooted on a small mound of soft blue-white cloud, a source the player taps for Sky Seed, Sky Bud. Slightly taller than wide, planted and heavy, clearly scenery rather than loot; the mound is part of the sprite. cartoon mobile merge-game asset, Travel Town / Merge Mansion style, 3/4 view from slightly above as if sitting on a table, thick dark warm-brown outline, soft baked lighting from the upper left, glossy highlight on the top surface, saturated friendly palette, subtle contact shadow under the object, centred, filling about 80% of the frame, transparent background, no text, no border, clean vector-painted finish, 512x512"
"src/sprites/producers/chimepost.png","producer","Chime Post","producer","Chime Post — a pale silver hand bell rooted on a small mound of soft blue-white cloud, a source the player taps for Chime Shard, Chime Bell. Slightly taller than wide, planted and heavy, clearly scenery rather than loot; the mound is part of the sprite. cartoon mobile merge-game asset, Travel Town / Merge Mansion style, 3/4 view from slightly above as if sitting on a table, thick dark warm-brown outline, soft baked lighting from the upper left, glossy highlight on the top surface, saturated friendly palette, subtle contact shadow under the object, centred, filling about 80% of the frame, transparent background, no text, no border, clean vector-painted finish, 512x512"
"src/sprites/producers/prismstand.png","producer","Prism Stand","producer","Prism Stand — a pale blue glass glass prism rooted on a small mound of soft blue-white cloud, a source the player taps for Light Mote, Light Beam. Slightly taller than wide, planted and heavy, clearly scenery rather than loot; the mound is part of the sprite. cartoon mobile merge-game asset, Travel Town / Merge Mansion style, 3/4 view from slightly above as if sitting on a table, thick dark warm-brown outline, soft baked lighting from the upper left, glossy highlight on the top surface, saturated friendly palette, subtle contact shadow under the object, centred, filling about 80% of the frame, transparent background, no text, no border, clean vector-painted finish, 512x512"
"src/sprites/producers/skynestp.png","producer","Sky Nest","producer","Sky Nest — a pale cream speckled egg rooted on a small mound of soft blue-white cloud, a source the player taps for Sky Down, Sky Feather. Slightly taller than wide, planted and heavy, clearly scenery rather than loot; the mound is part of the sprite. cartoon mobile merge-game asset, Travel Town / Merge Mansion style, 3/4 view from slightly above as if sitting on a table, thick dark warm-brown outline, soft baked lighting from the upper left, glossy highlight on the top surface, saturated friendly palette, subtle contact shadow under the object, centred, filling about 80% of the frame, transparent background, no text, no border, clean vector-painted finish, 512x512"
"src/sprites/producers/silkloom.png","producer","Silk Loom","producer","Silk Loom — a rose pink folded cloth rooted on a small mound of soft blue-white cloud, a source the player taps for Silk Scrap, Silk Envelope. Slightly taller than wide, planted and heavy, clearly scenery rather than loot; the mound is part of the sprite. cartoon mobile merge-game asset, Travel Town / Merge Mansion style, 3/4 view from slightly above as if sitting on a table, thick dark warm-brown outline, soft baked lighting from the upper left, glossy highlight on the top surface, saturated friendly palette, subtle contact shadow under the object, centred, filling about 80% of the frame, transparent background, no text, no border, clean vector-painted finish, 512x512"
"src/sprites/producers/scrapwreck.png","producer","Rocket Wreck","producer","Rocket Wreck — a painted rocket wreck rooted on a small mound of earth, a source the player taps for Bolt, Spring, Wire. Slightly taller than wide, planted and heavy, clearly scenery rather than loot; the mound is part of the sprite. cartoon mobile merge-game asset, Travel Town / Merge Mansion style, 3/4 view from slightly above as if sitting on a table, thick dark warm-brown outline, soft baked lighting from the upper left, glossy highlight on the top surface, saturated friendly palette, subtle contact shadow under the object, centred, filling about 80% of the frame, transparent background, no text, no border, clean vector-painted finish, 512x512"
"src/sprites/producers/crater.png","producer","Meteor Crater","producer","Meteor Crater — a painted meteor crater rooted on a small mound of earth, a source the player taps for Fuel Ore, Star Scrap, Star Core. Slightly taller than wide, planted and heavy, clearly scenery rather than loot; the mound is part of the sprite. cartoon mobile merge-game asset, Travel Town / Merge Mansion style, 3/4 view from slightly above as if sitting on a table, thick dark warm-brown outline, soft baked lighting from the upper left, glossy highlight on the top surface, saturated friendly palette, subtle contact shadow under the object, centred, filling about 80% of the frame, transparent background, no text, no border, clean vector-painted finish, 512x512"
"src/sprites/scenes/earth.webp","scene","Sunny Meadow","world backdrop","Sunny Meadow — Home world. The camp you stand in on this world. Painted background art, 1086x1448 portrait, no transparency, no text, no UI. Leave the middle of the frame calm and uncluttered — a board of tiles is drawn over it. Across the lower third put 5 clearly separated flat round plinths or clearings for objects to stand on, and one larger raised launch pad on the left. Same cartoon style as the items: saturated, soft baked light, painterly but clean."
"src/sprites/scenes/luna.webp","scene","Crater Camp","world backdrop","Crater Camp — Luna. The camp you stand in on this world. Painted background art, 1086x1448 portrait, no transparency, no text, no UI. Leave the middle of the frame calm and uncluttered — a board of tiles is drawn over it. Across the lower third put 5 clearly separated flat round plinths or clearings for objects to stand on, and one larger raised launch pad on the left. Same cartoon style as the items: saturated, soft baked light, painterly but clean."
"src/sprites/scenes/cindra.webp","scene","Ember Hollow","world backdrop","Ember Hollow — Cindra. The camp you stand in on this world. Painted background art, 1086x1448 portrait, no transparency, no text, no UI. Leave the middle of the frame calm and uncluttered — a board of tiles is drawn over it. Across the lower third put 5 clearly separated flat round plinths or clearings for objects to stand on, and one larger raised launch pad on the left. Same cartoon style as the items: saturated, soft baked light, painterly but clean."
"src/sprites/scenes/nerith.webp","scene","Tidal Shallows","world backdrop","Tidal Shallows — Nerith. The camp you stand in on this world. Painted background art, 1086x1448 portrait, no transparency, no text, no UI. Leave the middle of the frame calm and uncluttered — a board of tiles is drawn over it. Across the lower third put 5 clearly separated flat round plinths or clearings for objects to stand on, and one larger raised launch pad on the left. Same cartoon style as the items: saturated, soft baked light, painterly but clean."
"src/sprites/scenes/vela.webp","scene","Aurora Reach","world backdrop","Aurora Reach — Vela. The camp you stand in on this world. Painted background art, 1086x1448 portrait, no transparency, no text, no UI. Leave the middle of the frame calm and uncluttered — a board of tiles is drawn over it. Across the lower third put 5 clearly separated flat round plinths or clearings for objects to stand on, and one larger raised launch pad on the left. Same cartoon style as the items: saturated, soft baked light, painterly but clean."
"src/sprites/scenes/lab.webp","scene","Research Lab","world backdrop","The inside of a small research lab built onto a rocket: a curved white-and-brass workbench across the lower half with two round empty sockets side by side and a third larger one to the right, a glass cabinet of shelves on the left, a big round porthole on the right looking out at floating islands. Painted background art, 1086x1448 portrait, no transparency, no text, no UI. Leave the middle of the frame calm and uncluttered — a board of tiles is drawn over it. Same cartoon style as the items: saturated, soft baked light, painterly but clean."
"src/sprites/ui/panel_wood.png","ui","Panel frame","interface","Panel frame — 9-slice panel frame: a rounded warm-cream card with a thick white rim and a soft brown drop edge, empty middle, 256x256 with 48px corners. Same house style as the items: thick dark warm-brown outline, soft baked light from the upper left, glossy top highlight, saturated friendly palette, transparent background, no text."
"src/sprites/ui/btn_green.png","ui","Primary button","interface","Primary button — chunky rounded rectangle button, grass-green gradient with a lighter top lip, thick white rim, solid darker green edge underneath so it looks pressable, empty middle, 256x96. Same house style as the items: thick dark warm-brown outline, soft baked light from the upper left, glossy top highlight, saturated friendly palette, transparent background, no text."
"src/sprites/ui/btn_gold.png","ui","Gold button","interface","Gold button — as the green button but warm gold. Same house style as the items: thick dark warm-brown outline, soft baked light from the upper left, glossy top highlight, saturated friendly palette, transparent background, no text."
"src/sprites/ui/btn_blue.png","ui","Blue button","interface","Blue button — as the green button but sky blue. Same house style as the items: thick dark warm-brown outline, soft baked light from the upper left, glossy top highlight, saturated friendly palette, transparent background, no text."
"src/sprites/ui/btn_round.png","ui","Round icon button","interface","Round icon button — round cream button with a thick white rim and a brown drop edge, empty middle, 128x128. Same house style as the items: thick dark warm-brown outline, soft baked light from the upper left, glossy top highlight, saturated friendly palette, transparent background, no text."
"src/sprites/ui/tile_light.png","ui","Board tile, light","interface","Board tile, light — single flat board tile, warm light tan, very slightly rounded corners, a faint lighter sheen along the top edge, 128x128, no outline. Same house style as the items: thick dark warm-brown outline, soft baked light from the upper left, glossy top highlight, saturated friendly palette, transparent background, no text."
"src/sprites/ui/tile_dark.png","ui","Board tile, dark","interface","Board tile, dark — as tile_light but one shade deeper, for the checkerboard. Same house style as the items: thick dark warm-brown outline, soft baked light from the upper left, glossy top highlight, saturated friendly palette, transparent background, no text."
"src/sprites/ui/tile_locked.png","ui","Board tile, overgrown","interface","Board tile, overgrown — a board tile covered in short grass and weeds, dustier tan underneath, 128x128. Same house style as the items: thick dark warm-brown outline, soft baked light from the upper left, glossy top highlight, saturated friendly palette, transparent background, no text."
"src/sprites/ui/icon_coin.png","ui","Coin","interface","Coin — stack-of-one gold coin seen 3/4, thick outline, bright rim light, 128x128. Same house style as the items: thick dark warm-brown outline, soft baked light from the upper left, glossy top highlight, saturated friendly palette, transparent background, no text."
"src/sprites/ui/icon_energy.png","ui","Energy","interface","Energy — rounded lightning bolt, electric blue with a white core, 128x128. Same house style as the items: thick dark warm-brown outline, soft baked light from the upper left, glossy top highlight, saturated friendly palette, transparent background, no text."
"src/sprites/ui/icon_gem.png","ui","Premium gem","interface","Premium gem — violet cut gem with a white sparkle, 128x128. Same house style as the items: thick dark warm-brown outline, soft baked light from the upper left, glossy top highlight, saturated friendly palette, transparent background, no text."
"src/sprites/ui/icon_star.png","ui","Star core","interface","Star core — golden five-point star with rounded points, 128x128. Same house style as the items: thick dark warm-brown outline, soft baked light from the upper left, glossy top highlight, saturated friendly palette, transparent background, no text."
"src/sprites/ui/icon_bloom.png","ui","Bloom essence","interface","Bloom essence — a floating seed of green-gold light, petals of light around a bright core, 128x128. Same house style as the items: thick dark warm-brown outline, soft baked light from the upper left, glossy top highlight, saturated friendly palette, transparent background, no text."
"src/sprites/ui/frame_rare.png","ui","Rarity frame","interface","Rarity frame — thin glowing rounded-square frame, violet, for marking a rare item on its tile, 128x128, transparent middle. Same house style as the items: thick dark warm-brown outline, soft baked light from the upper left, glossy top highlight, saturated friendly palette, transparent background, no text."
"src/sprites/ui/badge_ready.png","ui","Ready badge","interface","Ready badge — small round green badge with a white tick, thick white rim, 96x96. Same house style as the items: thick dark warm-brown outline, soft baked light from the upper left, glossy top highlight, saturated friendly palette, transparent background, no text."
"src/sprites/ui/ribbon.png","ui","Panel ribbon","interface","Panel ribbon — a gold banner ribbon that sits across the top of a panel, empty middle for a title, 512x128. Same house style as the items: thick dark warm-brown outline, soft baked light from the upper left, glossy top highlight, saturated friendly palette, transparent background, no text."
"src/sprites/ui/bar_track.png","ui","Progress bar","interface","Progress bar — empty rounded progress-bar track, dark warm brown, 256x48, plus a separate bright green fill of the same shape. Same house style as the items: thick dark warm-brown outline, soft baked light from the upper left, glossy top highlight, saturated friendly palette, transparent background, no text."
"src/sprites/ui/order_card.png","ui","Contract card","interface","Contract card — blank order card: rounded cream card, thick white rim, a slot circle at the top for a character portrait and three empty square slots in a row below, 512x640. Same house style as the items: thick dark warm-brown outline, soft baked light from the upper left, glossy top highlight, saturated friendly palette, transparent background, no text."
"src/sprites/ui/plinth.png","ui","Camp plinth","interface","Camp plinth — flat round stone plinth seen 3/4 from above, cracked pale stone with grass at the edges, for a producer to stand on, 512x256, transparent background. Same house style as the items: thick dark warm-brown outline, soft baked light from the upper left, glossy top highlight, saturated friendly palette, transparent background, no text."
"src/sprites/fx/merge_burst.png","fx","Merge burst","animation","Merge burst — sprite sheet, 8 frames in a 4x2 grid, 256px per frame: a ring of golden sparks bursting outward and fading, transparent background. Read left to right, top to bottom, evenly spaced, each frame the same size, transparent background, no text. Cartoon mobile game VFX, saturated, soft glow, matching a warm Travel Town style."
"src/sprites/fx/spawn_puff.png","fx","Spawn puff","animation","Spawn puff — sprite sheet, 6 frames in a 3x2 grid, 256px per frame: a soft white-green puff of leaves and dust appearing and dissipating. Read left to right, top to bottom, evenly spaced, each frame the same size, transparent background, no text. Cartoon mobile game VFX, saturated, soft glow, matching a warm Travel Town style."
"src/sprites/fx/level_rays.png","fx","Level-up rays","animation","Level-up rays — sprite sheet, 8 frames in a 4x2 grid, 256px per frame: golden light rays sweeping out from the centre. Read left to right, top to bottom, evenly spaced, each frame the same size, transparent background, no text. Cartoon mobile game VFX, saturated, soft glow, matching a warm Travel Town style."
"src/sprites/fx/sparkle.png","fx","Idle sparkle","animation","Idle sparkle — sprite sheet, 4 frames in a 2x2 grid, 128px per frame: a single four-point twinkle appearing and fading. Read left to right, top to bottom, evenly spaced, each frame the same size, transparent background, no text. Cartoon mobile game VFX, saturated, soft glow, matching a warm Travel Town style."
"src/sprites/fx/coin_pop.png","fx","Coin pop","animation","Coin pop — sprite sheet, 6 frames in a 3x2 grid, 128px per frame: a coin flipping and rising. Read left to right, top to bottom, evenly spaced, each frame the same size, transparent background, no text. Cartoon mobile game VFX, saturated, soft glow, matching a warm Travel Town style."
"src/sprites/fx/bloom_wake.png","fx","Bloom wake","animation","Bloom wake — sprite sheet, 8 frames in a 4x2 grid, 256px per frame: green-gold light unfurling like a flower opening. Read left to right, top to bottom, evenly spaced, each frame the same size, transparent background, no text. Cartoon mobile game VFX, saturated, soft glow, matching a warm Travel Town style."
